benchmark_id	replicate	depth	truth_id	requested_vaf	achieved_input_vaf	vaf_bin	numt_context	caller	designed_challenge	realized_challenge	nuclear_alt_generated	nuclear_alt_mapped	nuclear_alt_extracted	observable_numt_challenge	fullref_fragments_observed	extracted_fragments	fullref_primary_contig	fullref_primary_mapq	strategy_a_outcome	strategy_b_outcome	strategy_c_outcome
block12_R1_d100	1	100	V1_NF	0.005	0.01	VAF_0_01_0_02	NUMT_LIKE	gatk	true	true	true	true	false	false	1	0	chrN_NUMT_01,chrN_NUMT_02	0,60	NOT_CALLED	NOT_CALLED	NOT_CALLED
block12_R1_d100	1	100	V1_NF	0.005	0.01	VAF_0_01_0_02	NUMT_LIKE	mutserve2	true	true	true	true	false	false	1	0	chrN_NUMT_01,chrN_NUMT_02	0,60	NOT_CALLED	NOT_CALLED	NOT_CALLED
block12_R1_d100	1	100	V1_AF	0.005	0.01	VAF_0_01_0_02	AMBIGUOUS_CONTEXT	gatk	true	true	true	true	false	false	1	0	chrN_NUMT_02,chrN_NUMT_03	0	NOT_CALLED	NOT_CALLED	NOT_CALLED
block12_R1_d100	1	100	V1_AF	0.005	0.01	VAF_0_01_0_02	AMBIGUOUS_CONTEXT	mutserve2	true	true	true	true	false	false	1	0	chrN_NUMT_02,chrN_NUMT_03	0	NOT_CALLED	NOT_CALLED	NOT_CALLED
block12_R1_d100	1	100	V2_NF	0.015	0.02	VAF_0_02_0_05	NUMT_LIKE	gatk	true	true	true	true	true	true	2	1	chrM,chrN_NUMT_02,chrN_NUMT_03	0,60	NOT_RETAINED:weak_evidence	NOT_CALLED	CALLED_FALSE_SIGNAL
block12_R1_d100	1	100	V2_NF	0.015	0.02	VAF_0_02_0_05	NUMT_LIKE	mutserve2	true	true	true	true	true	true	2	1	chrM,chrN_NUMT_02,chrN_NUMT_03	0,60	NOT_CALLED	NOT_CALLED	NOT_CALLED
block12_R1_d100	1	100	V2_AF	0.015	0.02	VAF_0_02_0_05	AMBIGUOUS_CONTEXT	gatk	true	true	true	true	false	false	2	0	chrN_NUMT_03,chrN_NUMT_04	0	NOT_CALLED	NOT_CALLED	NOT_CALLED
block12_R1_d100	1	100	V2_AF	0.015	0.02	VAF_0_02_0_05	AMBIGUOUS_CONTEXT	mutserve2	true	true	true	true	false	false	2	0	chrN_NUMT_03,chrN_NUMT_04	0	NOT_CALLED	NOT_CALLED	NOT_CALLED
block12_R1_d100	1	100	V3_NF	0.035	0.04	VAF_0_02_0_05	NUMT_LIKE	gatk	true	true	true	true	false	false	4	0	chrN_NUMT_05,chrN_NUMT_06	0,60	NOT_CALLED	NOT_CALLED	NOT_CALLED
block12_R1_d100	1	100	V3_NF	0.035	0.04	VAF_0_02_0_05	NUMT_LIKE	mutserve2	true	true	true	true	false	false	4	0	chrN_NUMT_05,chrN_NUMT_06	0,60	NOT_CALLED	NOT_CALLED	NOT_CALLED
block12_R1_d100	1	100	V3_AF	0.035	0.04	VAF_0_02_0_05	AMBIGUOUS_CONTEXT	gatk	true	true	true	true	true	true	4	2	chrM,chrN_NUMT_05,chrN_NUMT_06	0	CALLED_FALSE_SIGNAL	NOT_CALLED	NOT_RETAINED:FLAGGED_NUMT_EVIDENCE
block12_R1_d100	1	100	V3_AF	0.035	0.04	VAF_0_02_0_05	AMBIGUOUS_CONTEXT	mutserve2	true	true	true	true	true	true	4	2	chrM,chrN_NUMT_05,chrN_NUMT_06	0	NOT_CALLED	NOT_CALLED	NOT_CALLED
block12_R1_d100	1	100	V4_NF	0.075	0.08	VAF_0_05_0_10	NUMT_LIKE	gatk	true	true	true	true	true	true	8	3	chrM,chrN_NUMT_07,chrN_NUMT_08,chrN_TRUE_LIKE_01	0,60	CALLED_FALSE_SIGNAL	NOT_CALLED	NOT_RETAINED:FLAGGED_NUMT_EVIDENCE
block12_R1_d100	1	100	V4_NF	0.075	0.08	VAF_0_05_0_10	NUMT_LIKE	mutserve2	true	true	true	true	true	true	8	3	chrM,chrN_NUMT_07,chrN_NUMT_08,chrN_TRUE_LIKE_01	0,60	NOT_CALLED	NOT_CALLED	NOT_CALLED
block12_R1_d100	1	100	V4_AF	0.075	0.08	VAF_0_05_0_10	AMBIGUOUS_CONTEXT	gatk	true	true	true	true	true	true	8	4	chrM,chrN_NUMT_07,chrN_NUMT_08,chrN_TRUE_AMB_02	0	CALLED_FALSE_SIGNAL	NOT_CALLED	NOT_RETAINED:FLAGGED_NUMT_EVIDENCE
block12_R1_d100	1	100	V4_AF	0.075	0.08	VAF_0_05_0_10	AMBIGUOUS_CONTEXT	mutserve2	true	true	true	true	true	true	8	4	chrM,chrN_NUMT_07,chrN_NUMT_08,chrN_TRUE_AMB_02	0	NOT_CALLED	NOT_CALLED	NOT_CALLED
block12_R1_d100	1	100	V5_NF	0.25	0.25	VAF_0_10_0_50	NUMT_LIKE	gatk	true	true	true	true	true	true	25	8	chrM,chrN_NUMT_09,chrN_NUMT_10,chrN_TRUE_AMB_02	0,60	CALLED_FALSE_SIGNAL	NOT_CALLED	NOT_RETAINED:FLAGGED_NUMT_EVIDENCE
block12_R1_d100	1	100	V5_NF	0.25	0.25	VAF_0_10_0_50	NUMT_LIKE	mutserve2	true	true	true	true	true	true	25	8	chrM,chrN_NUMT_09,chrN_NUMT_10,chrN_TRUE_AMB_02	0,60	NOT_CALLED	NOT_CALLED	NOT_CALLED
block12_R1_d100	1	100	V5_AF	0.25	0.25	VAF_0_10_0_50	AMBIGUOUS_CONTEXT	gatk	true	true	true	true	true	true	25	16	chrM,chrN_NUMT_09,chrN_NUMT_10	0	NOT_RETAINED:strand_bias	NOT_CALLED	NOT_RETAINED:FLAGGED_NUMT_EVIDENCE
block12_R1_d100	1	100	V5_AF	0.25	0.25	VAF_0_10_0_50	AMBIGUOUS_CONTEXT	mutserve2	true	true	true	true	true	true	25	16	chrM,chrN_NUMT_09,chrN_NUMT_10	0	NOT_CALLED	NOT_CALLED	NOT_CALLED
block12_R1_d100	1	100	V6_NF	0.75	0.75	GT_0_50	NUMT_LIKE	gatk	true	true	true	true	true	true	75	24	chrM,chrN_NUMT_11,chrN_NUMT_12	0,60	NOT_RETAINED:strand_bias	NOT_CALLED	NOT_RETAINED:FLAGGED_NUMT_EVIDENCE
block12_R1_d100	1	100	V6_NF	0.75	0.75	GT_0_50	NUMT_LIKE	mutserve2	true	true	true	true	true	true	75	24	chrM,chrN_NUMT_11,chrN_NUMT_12	0,60	NOT_CALLED	NOT_CALLED	NOT_CALLED
block12_R1_d100	1	100	V6_AF	0.75	0.75	GT_0_50	AMBIGUOUS_CONTEXT	gatk	true	true	true	true	true	true	75	54	chrM,chrN_NUMT_11,chrN_NUMT_12	0	NOT_RETAINED:strand_bias	NOT_CALLED	NOT_RETAINED:FLAGGED_NUMT_EVIDENCE
block12_R1_d100	1	100	V6_AF	0.75	0.75	GT_0_50	AMBIGUOUS_CONTEXT	mutserve2	true	true	true	true	true	true	75	54	chrM,chrN_NUMT_11,chrN_NUMT_12	0	NOT_CALLED	NOT_CALLED	NOT_CALLED
block12_R1_d250	1	250	V1_NF	0.005	0.004	LT_0_01	NUMT_LIKE	gatk	true	true	true	true	false	false	1	0	chrN_NUMT_01,chrN_NUMT_02	0,60	NOT_CALLED	NOT_CALLED	NOT_CALLED
block12_R1_d250	1	250	V1_NF	0.005	0.004	LT_0_01	NUMT_LIKE	mutserve2	true	true	true	true	false	false	1	0	chrN_NUMT_01,chrN_NUMT_02	0,60	NOT_CALLED	NOT_CALLED	NOT_CALLED
block12_R1_d250	1	250	V1_AF	0.005	0.004	LT_0_01	AMBIGUOUS_CONTEXT	gatk	true	true	true	true	true	true	1	1	chrM,chrN_NUMT_03	0	NOT_RETAINED:weak_evidence	NOT_CALLED	CALLED_FALSE_SIGNAL
block12_R1_d250	1	250	V1_AF	0.005	0.004	LT_0_01	AMBIGUOUS_CONTEXT	mutserve2	true	true	true	true	true	true	1	1	chrM,chrN_NUMT_03	0	NOT_CALLED	NOT_CALLED	NOT_CALLED
block12_R1_d250	1	250	V2_NF	0.015	0.016	VAF_0_01_0_02	NUMT_LIKE	gatk	true	true	true	true	true	true	4	1	chrM,chrN_NUMT_02,chrN_NUMT_03,chrN_NUMT_04	0,60	NOT_RETAINED:weak_evidence	NOT_CALLED	CALLED_FALSE_SIGNAL
block12_R1_d250	1	250	V2_NF	0.015	0.016	VAF_0_01_0_02	NUMT_LIKE	mutserve2	true	true	true	true	true	true	4	1	chrM,chrN_NUMT_02,chrN_NUMT_03,chrN_NUMT_04	0,60	NOT_CALLED	NOT_CALLED	NOT_CALLED
block12_R1_d250	1	250	V2_AF	0.015	0.016	VAF_0_01_0_02	AMBIGUOUS_CONTEXT	gatk	true	true	true	true	true	true	4	3	chrM,chrN_NUMT_03,chrN_NUMT_04	0	CALLED_FALSE_SIGNAL	NOT_CALLED	NOT_RETAINED:FLAGGED_NUMT_EVIDENCE
block12_R1_d250	1	250	V2_AF	0.015	0.016	VAF_0_01_0_02	AMBIGUOUS_CONTEXT	mutserve2	true	true	true	true	true	true	4	3	chrM,chrN_NUMT_03,chrN_NUMT_04	0	NOT_CALLED	NOT_CALLED	NOT_CALLED
block12_R1_d250	1	250	V3_NF	0.035	0.036	VAF_0_02_0_05	NUMT_LIKE	gatk	true	true	true	true	true	true	9	2	chrM,chrN_NUMT_05,chrN_NUMT_06	0,60	CALLED_FALSE_SIGNAL	NOT_CALLED	NOT_RETAINED:FLAGGED_NUMT_EVIDENCE
block12_R1_d250	1	250	V3_NF	0.035	0.036	VAF_0_02_0_05	NUMT_LIKE	mutserve2	true	true	true	true	true	true	9	2	chrM,chrN_NUMT_05,chrN_NUMT_06	0,60	NOT_CALLED	NOT_CALLED	NOT_CALLED
block12_R1_d250	1	250	V3_AF	0.035	0.036	VAF_0_02_0_05	AMBIGUOUS_CONTEXT	gatk	true	true	true	true	true	true	9	3	chrM,chrN_NUMT_05,chrN_NUMT_06,chrN_TRUE_LIKE_01	0	CALLED_FALSE_SIGNAL	NOT_CALLED	NOT_RETAINED:FLAGGED_NUMT_EVIDENCE
block12_R1_d250	1	250	V3_AF	0.035	0.036	VAF_0_02_0_05	AMBIGUOUS_CONTEXT	mutserve2	true	true	true	true	true	true	9	3	chrM,chrN_NUMT_05,chrN_NUMT_06,chrN_TRUE_LIKE_01	0	NOT_CALLED	NOT_CALLED	NOT_CALLED
block12_R1_d250	1	250	V4_NF	0.075	0.076	VAF_0_05_0_10	NUMT_LIKE	gatk	true	true	true	true	true	true	19	6	chrM,chrN_NUMT_07,chrN_NUMT_08,chrN_TRUE_LIKE_01	0,60	CALLED_FALSE_SIGNAL	NOT_CALLED	NOT_RETAINED:FLAGGED_NUMT_EVIDENCE
block12_R1_d250	1	250	V4_NF	0.075	0.076	VAF_0_05_0_10	NUMT_LIKE	mutserve2	true	true	true	true	true	true	19	6	chrM,chrN_NUMT_07,chrN_NUMT_08,chrN_TRUE_LIKE_01	0,60	NOT_CALLED	NOT_CALLED	NOT_CALLED
block12_R1_d250	1	250	V4_AF	0.075	0.076	VAF_0_05_0_10	AMBIGUOUS_CONTEXT	gatk	true	true	true	true	true	true	19	10	chrM,chrN_NUMT_07,chrN_NUMT_08,chrN_TRUE_AMB_02	0	NOT_RETAINED:strand_bias	NOT_CALLED	NOT_RETAINED:FLAGGED_NUMT_EVIDENCE
block12_R1_d250	1	250	V4_AF	0.075	0.076	VAF_0_05_0_10	AMBIGUOUS_CONTEXT	mutserve2	true	true	true	true	true	true	19	10	chrM,chrN_NUMT_07,chrN_NUMT_08,chrN_TRUE_AMB_02	0	NOT_CALLED	NOT_CALLED	NOT_CALLED
block12_R1_d250	1	250	V5_NF	0.25	0.252	VAF_0_10_0_50	NUMT_LIKE	gatk	true	true	true	true	true	true	63	15	chrM,chrN_NUMT_09,chrN_NUMT_10,chrN_TRUE_AMB_02	0,60	NOT_RETAINED:strand_bias	NOT_CALLED	NOT_RETAINED:FLAGGED_NUMT_EVIDENCE
block12_R1_d250	1	250	V5_NF	0.25	0.252	VAF_0_10_0_50	NUMT_LIKE	mutserve2	true	true	true	true	true	true	63	15	chrM,chrN_NUMT_09,chrN_NUMT_10,chrN_TRUE_AMB_02	0,60	NOT_CALLED	NOT_CALLED	NOT_CALLED
block12_R1_d250	1	250	V5_AF	0.25	0.252	VAF_0_10_0_50	AMBIGUOUS_CONTEXT	gatk	true	true	true	true	true	true	63	42	chrM,chrN_NUMT_09,chrN_NUMT_10	0	NOT_RETAINED:strand_bias	NOT_CALLED	NOT_RETAINED:FLAGGED_NUMT_EVIDENCE
block12_R1_d250	1	250	V5_AF	0.25	0.252	VAF_0_10_0_50	AMBIGUOUS_CONTEXT	mutserve2	true	true	true	true	true	true	63	42	chrM,chrN_NUMT_09,chrN_NUMT_10	0	NOT_CALLED	NOT_CALLED	NOT_CALLED
block12_R1_d250	1	250	V6_NF	0.75	0.752	GT_0_50	NUMT_LIKE	gatk	true	true	true	true	true	true	188	61	chrM,chrN_NUMT_11,chrN_NUMT_12	0,60	NOT_RETAINED:strand_bias	NOT_CALLED	NOT_RETAINED:FLAGGED_NUMT_EVIDENCE
block12_R1_d250	1	250	V6_NF	0.75	0.752	GT_0_50	NUMT_LIKE	mutserve2	true	true	true	true	true	true	188	61	chrM,chrN_NUMT_11,chrN_NUMT_12	0,60	NOT_CALLED	NOT_CALLED	NOT_CALLED
block12_R1_d250	1	250	V6_AF	0.75	0.752	GT_0_50	AMBIGUOUS_CONTEXT	gatk	true	true	true	true	true	true	188	123	chrM,chrN_NUMT_11,chrN_NUMT_12	0	NOT_RETAINED:strand_bias	NOT_CALLED	NOT_RETAINED:FLAGGED_NUMT_EVIDENCE
block12_R1_d250	1	250	V6_AF	0.75	0.752	GT_0_50	AMBIGUOUS_CONTEXT	mutserve2	true	true	true	true	true	true	188	123	chrM,chrN_NUMT_11,chrN_NUMT_12	0	NOT_CALLED	NOT_CALLED	NOT_CALLED
block12_R1_d500	1	500	V1_NF	0.005	0.006	LT_0_01	NUMT_LIKE	gatk	true	true	true	true	false	false	3	0	chrN_NUMT_01,chrN_NUMT_02	0,60	NOT_CALLED	NOT_CALLED	NOT_CALLED
block12_R1_d500	1	500	V1_NF	0.005	0.006	LT_0_01	NUMT_LIKE	mutserve2	true	true	true	true	false	false	3	0	chrN_NUMT_01,chrN_NUMT_02	0,60	NOT_CALLED	NOT_CALLED	NOT_CALLED
block12_R1_d500	1	500	V1_AF	0.005	0.006	LT_0_01	AMBIGUOUS_CONTEXT	gatk	true	true	true	true	true	true	3	1	chrM,chrN_NUMT_01,chrN_NUMT_02,chrN_NUMT_03,chrN_NUMT_04	0	NOT_CALLED	NOT_CALLED	NOT_CALLED
block12_R1_d500	1	500	V1_AF	0.005	0.006	LT_0_01	AMBIGUOUS_CONTEXT	mutserve2	true	true	true	true	true	true	3	1	chrM,chrN_NUMT_01,chrN_NUMT_02,chrN_NUMT_03,chrN_NUMT_04	0	NOT_CALLED	NOT_CALLED	NOT_CALLED
block12_R1_d500	1	500	V2_NF	0.015	0.016	VAF_0_01_0_02	NUMT_LIKE	gatk	true	true	true	true	true	true	8	4	chrM,chrN_NUMT_02,chrN_NUMT_03,chrN_NUMT_04	0,60	CALLED_FALSE_SIGNAL	NOT_CALLED	NOT_RETAINED:FLAGGED_NUMT_EVIDENCE
block12_R1_d500	1	500	V2_NF	0.015	0.016	VAF_0_01_0_02	NUMT_LIKE	mutserve2	true	true	true	true	true	true	8	4	chrM,chrN_NUMT_02,chrN_NUMT_03,chrN_NUMT_04	0,60	NOT_CALLED	NOT_CALLED	NOT_CALLED
block12_R1_d500	1	500	V2_AF	0.015	0.016	VAF_0_01_0_02	AMBIGUOUS_CONTEXT	gatk	true	true	true	true	true	true	8	7	chrM,chrN_NUMT_03,chrN_NUMT_04	0	NOT_RETAINED:strand_bias	NOT_CALLED	NOT_RETAINED:FLAGGED_NUMT_EVIDENCE
block12_R1_d500	1	500	V2_AF	0.015	0.016	VAF_0_01_0_02	AMBIGUOUS_CONTEXT	mutserve2	true	true	true	true	true	true	8	7	chrM,chrN_NUMT_03,chrN_NUMT_04	0	NOT_CALLED	NOT_CALLED	NOT_CALLED
block12_R1_d500	1	500	V3_NF	0.035	0.036	VAF_0_02_0_05	NUMT_LIKE	gatk	true	true	true	true	true	true	18	4	chrM,chrN_NUMT_05,chrN_NUMT_06	0,60	CALLED_FALSE_SIGNAL	NOT_CALLED	NOT_RETAINED:FLAGGED_NUMT_EVIDENCE
block12_R1_d500	1	500	V3_NF	0.035	0.036	VAF_0_02_0_05	NUMT_LIKE	mutserve2	true	true	true	true	true	true	18	4	chrM,chrN_NUMT_05,chrN_NUMT_06	0,60	NOT_CALLED	NOT_CALLED	NOT_CALLED
block12_R1_d500	1	500	V3_AF	0.035	0.036	VAF_0_02_0_05	AMBIGUOUS_CONTEXT	gatk	true	true	true	true	true	true	18	9	chrM,chrN_NUMT_05,chrN_NUMT_06,chrN_TRUE_LIKE_01	0	NOT_RETAINED:strand_bias	NOT_CALLED	NOT_RETAINED:FLAGGED_NUMT_EVIDENCE
block12_R1_d500	1	500	V3_AF	0.035	0.036	VAF_0_02_0_05	AMBIGUOUS_CONTEXT	mutserve2	true	true	true	true	true	true	18	9	chrM,chrN_NUMT_05,chrN_NUMT_06,chrN_TRUE_LIKE_01	0	NOT_CALLED	NOT_CALLED	NOT_CALLED
block12_R1_d500	1	500	V4_NF	0.075	0.076	VAF_0_05_0_10	NUMT_LIKE	gatk	true	true	true	true	true	true	38	10	chrM,chrN_NUMT_07,chrN_NUMT_08,chrN_TRUE_LIKE_01	0,60	NOT_RETAINED:strand_bias	NOT_CALLED	NOT_RETAINED:FLAGGED_NUMT_EVIDENCE
block12_R1_d500	1	500	V4_NF	0.075	0.076	VAF_0_05_0_10	NUMT_LIKE	mutserve2	true	true	true	true	true	true	38	10	chrM,chrN_NUMT_07,chrN_NUMT_08,chrN_TRUE_LIKE_01	0,60	NOT_CALLED	NOT_CALLED	NOT_CALLED
block12_R1_d500	1	500	V4_AF	0.075	0.076	VAF_0_05_0_10	AMBIGUOUS_CONTEXT	gatk	true	true	true	true	true	true	38	19	chrM,chrN_NUMT_07,chrN_NUMT_08,chrN_TRUE_AMB_02	0	NOT_RETAINED:strand_bias	NOT_CALLED	NOT_RETAINED:FLAGGED_NUMT_EVIDENCE
block12_R1_d500	1	500	V4_AF	0.075	0.076	VAF_0_05_0_10	AMBIGUOUS_CONTEXT	mutserve2	true	true	true	true	true	true	38	19	chrM,chrN_NUMT_07,chrN_NUMT_08,chrN_TRUE_AMB_02	0	NOT_CALLED	NOT_CALLED	NOT_CALLED
block12_R1_d500	1	500	V5_NF	0.25	0.25	VAF_0_10_0_50	NUMT_LIKE	gatk	true	true	true	true	true	true	125	27	chrM,chrN_NUMT_09,chrN_NUMT_10,chrN_TRUE_AMB_02	0,60	NOT_RETAINED:strand_bias	NOT_CALLED	NOT_RETAINED:FLAGGED_NUMT_EVIDENCE
block12_R1_d500	1	500	V5_NF	0.25	0.25	VAF_0_10_0_50	NUMT_LIKE	mutserve2	true	true	true	true	true	true	125	27	chrM,chrN_NUMT_09,chrN_NUMT_10,chrN_TRUE_AMB_02	0,60	NOT_CALLED	NOT_CALLED	NOT_CALLED
block12_R1_d500	1	500	V5_AF	0.25	0.25	VAF_0_10_0_50	AMBIGUOUS_CONTEXT	gatk	true	true	true	true	true	true	125	79	chrM,chrN_NUMT_09,chrN_NUMT_10	0	NOT_RETAINED:strand_bias	NOT_CALLED	NOT_RETAINED:FLAGGED_NUMT_EVIDENCE
block12_R1_d500	1	500	V5_AF	0.25	0.25	VAF_0_10_0_50	AMBIGUOUS_CONTEXT	mutserve2	true	true	true	true	true	true	125	79	chrM,chrN_NUMT_09,chrN_NUMT_10	0	NOT_CALLED	NOT_CALLED	NOT_CALLED
block12_R1_d500	1	500	V6_NF	0.75	0.75	GT_0_50	NUMT_LIKE	gatk	true	true	true	true	true	true	375	126	chrM,chrN_NUMT_11,chrN_NUMT_12	0,60	NOT_RETAINED:strand_bias	NOT_CALLED	NOT_RETAINED:FLAGGED_NUMT_EVIDENCE
block12_R1_d500	1	500	V6_NF	0.75	0.75	GT_0_50	NUMT_LIKE	mutserve2	true	true	true	true	true	true	375	126	chrM,chrN_NUMT_11,chrN_NUMT_12	0,60	NOT_CALLED	NOT_CALLED	NOT_CALLED
block12_R1_d500	1	500	V6_AF	0.75	0.75	GT_0_50	AMBIGUOUS_CONTEXT	gatk	true	true	true	true	true	true	375	241	chrM,chrN_NUMT_11,chrN_NUMT_12	0	NOT_RETAINED:strand_bias	NOT_CALLED	NOT_RETAINED:FLAGGED_NUMT_EVIDENCE
block12_R1_d500	1	500	V6_AF	0.75	0.75	GT_0_50	AMBIGUOUS_CONTEXT	mutserve2	true	true	true	true	true	true	375	241	chrM,chrN_NUMT_11,chrN_NUMT_12	0	NOT_CALLED	NOT_CALLED	NOT_CALLED
block12_R1_d1000	1	1000	V1_NF	0.005	0.005	LT_0_01	NUMT_LIKE	gatk	true	true	true	true	true	true	5	3	chrM,chrN_NUMT_01,chrN_NUMT_02	0,60	NOT_RETAINED:strand_bias	NOT_CALLED	NOT_RETAINED:FLAGGED_NUMT_EVIDENCE
block12_R1_d1000	1	1000	V1_NF	0.005	0.005	LT_0_01	NUMT_LIKE	mutserve2	true	true	true	true	true	true	5	3	chrM,chrN_NUMT_01,chrN_NUMT_02	0,60	NOT_CALLED	NOT_CALLED	NOT_CALLED
block12_R1_d1000	1	1000	V1_AF	0.005	0.005	LT_0_01	AMBIGUOUS_CONTEXT	gatk	true	true	true	true	true	true	5	3	chrM,chrN_NUMT_01,chrN_NUMT_02,chrN_NUMT_03,chrN_NUMT_04	0	CALLED_FALSE_SIGNAL	NOT_CALLED	NOT_RETAINED:FLAGGED_NUMT_EVIDENCE
block12_R1_d1000	1	1000	V1_AF	0.005	0.005	LT_0_01	AMBIGUOUS_CONTEXT	mutserve2	true	true	true	true	true	true	5	3	chrM,chrN_NUMT_01,chrN_NUMT_02,chrN_NUMT_03,chrN_NUMT_04	0	NOT_CALLED	NOT_CALLED	NOT_CALLED
block12_R1_d1000	1	1000	V2_NF	0.015	0.015	VAF_0_01_0_02	NUMT_LIKE	gatk	true	true	true	true	true	true	15	2	chrM,chrN_NUMT_02,chrN_NUMT_03,chrN_NUMT_04	0,60	NOT_RETAINED:weak_evidence	NOT_CALLED	NOT_RETAINED:FLAGGED_NUMT_EVIDENCE
block12_R1_d1000	1	1000	V2_NF	0.015	0.015	VAF_0_01_0_02	NUMT_LIKE	mutserve2	true	true	true	true	true	true	15	2	chrM,chrN_NUMT_02,chrN_NUMT_03,chrN_NUMT_04	0,60	NOT_CALLED	NOT_CALLED	NOT_CALLED
block12_R1_d1000	1	1000	V2_AF	0.015	0.015	VAF_0_01_0_02	AMBIGUOUS_CONTEXT	gatk	true	true	true	true	true	true	15	10	chrM,chrN_NUMT_03,chrN_NUMT_04	0	NOT_RETAINED:strand_bias	NOT_CALLED	NOT_RETAINED:FLAGGED_NUMT_EVIDENCE
block12_R1_d1000	1	1000	V2_AF	0.015	0.015	VAF_0_01_0_02	AMBIGUOUS_CONTEXT	mutserve2	true	true	true	true	true	true	15	10	chrM,chrN_NUMT_03,chrN_NUMT_04	0	NOT_CALLED	NOT_CALLED	NOT_CALLED
block12_R1_d1000	1	1000	V3_NF	0.035	0.035	VAF_0_02_0_05	NUMT_LIKE	gatk	true	true	true	true	true	true	35	13	chrM,chrN_NUMT_05,chrN_NUMT_06	0,60	NOT_RETAINED:strand_bias	NOT_CALLED	NOT_RETAINED:FLAGGED_NUMT_EVIDENCE
block12_R1_d1000	1	1000	V3_NF	0.035	0.035	VAF_0_02_0_05	NUMT_LIKE	mutserve2	true	true	true	true	true	true	35	13	chrM,chrN_NUMT_05,chrN_NUMT_06	0,60	NOT_CALLED	NOT_CALLED	NOT_CALLED
block12_R1_d1000	1	1000	V3_AF	0.035	0.035	VAF_0_02_0_05	AMBIGUOUS_CONTEXT	gatk	true	true	true	true	true	true	35	18	chrM,chrN_NUMT_05,chrN_NUMT_06,chrN_TRUE_LIKE_01	0	NOT_RETAINED:strand_bias	NOT_CALLED	NOT_RETAINED:FLAGGED_NUMT_EVIDENCE
block12_R1_d1000	1	1000	V3_AF	0.035	0.035	VAF_0_02_0_05	AMBIGUOUS_CONTEXT	mutserve2	true	true	true	true	true	true	35	18	chrM,chrN_NUMT_05,chrN_NUMT_06,chrN_TRUE_LIKE_01	0	NOT_CALLED	NOT_CALLED	NOT_CALLED
block12_R1_d1000	1	1000	V4_NF	0.075	0.075	VAF_0_05_0_10	NUMT_LIKE	gatk	true	true	true	true	true	true	75	20	chrM,chrN_NUMT_07,chrN_NUMT_08,chrN_TRUE_LIKE_01	0,60	NOT_RETAINED:strand_bias	NOT_CALLED	NOT_RETAINED:FLAGGED_NUMT_EVIDENCE
block12_R1_d1000	1	1000	V4_NF	0.075	0.075	VAF_0_05_0_10	NUMT_LIKE	mutserve2	true	true	true	true	true	true	75	20	chrM,chrN_NUMT_07,chrN_NUMT_08,chrN_TRUE_LIKE_01	0,60	NOT_CALLED	NOT_CALLED	NOT_CALLED
block12_R1_d1000	1	1000	V4_AF	0.075	0.075	VAF_0_05_0_10	AMBIGUOUS_CONTEXT	gatk	true	true	true	true	true	true	75	36	chrM,chrN_NUMT_07,chrN_NUMT_08,chrN_TRUE_AMB_02	0	NOT_RETAINED:strand_bias	NOT_CALLED	NOT_RETAINED:FLAGGED_NUMT_EVIDENCE
block12_R1_d1000	1	1000	V4_AF	0.075	0.075	VAF_0_05_0_10	AMBIGUOUS_CONTEXT	mutserve2	true	true	true	true	true	true	75	36	chrM,chrN_NUMT_07,chrN_NUMT_08,chrN_TRUE_AMB_02	0	NOT_CALLED	NOT_CALLED	NOT_CALLED
block12_R1_d1000	1	1000	V5_NF	0.25	0.25	VAF_0_10_0_50	NUMT_LIKE	gatk	true	true	true	true	true	true	250	61	chrM,chrN_NUMT_09,chrN_NUMT_10,chrN_TRUE_AMB_02	0,60	NOT_RETAINED:strand_bias	NOT_CALLED	NOT_RETAINED:FLAGGED_NUMT_EVIDENCE
block12_R1_d1000	1	1000	V5_NF	0.25	0.25	VAF_0_10_0_50	NUMT_LIKE	mutserve2	true	true	true	true	true	true	250	61	chrM,chrN_NUMT_09,chrN_NUMT_10,chrN_TRUE_AMB_02	0,60	NOT_CALLED	NOT_CALLED	NOT_CALLED
block12_R1_d1000	1	1000	V5_AF	0.25	0.25	VAF_0_10_0_50	AMBIGUOUS_CONTEXT	gatk	true	true	true	true	true	true	250	170	chrM,chrN_NUMT_09,chrN_NUMT_10	0	NOT_RETAINED:strand_bias	NOT_CALLED	NOT_RETAINED:FLAGGED_NUMT_EVIDENCE
block12_R1_d1000	1	1000	V5_AF	0.25	0.25	VAF_0_10_0_50	AMBIGUOUS_CONTEXT	mutserve2	true	true	true	true	true	true	250	170	chrM,chrN_NUMT_09,chrN_NUMT_10	0	NOT_CALLED	NOT_CALLED	NOT_CALLED
block12_R1_d1000	1	1000	V6_NF	0.75	0.75	GT_0_50	NUMT_LIKE	gatk	true	true	true	true	true	true	750	253	chrM,chrN_NUMT_11,chrN_NUMT_12	0,60	NOT_RETAINED:strand_bias	NOT_CALLED	NOT_RETAINED:FLAGGED_NUMT_EVIDENCE
block12_R1_d1000	1	1000	V6_NF	0.75	0.75	GT_0_50	NUMT_LIKE	mutserve2	true	true	true	true	true	true	750	253	chrM,chrN_NUMT_11,chrN_NUMT_12	0,60	NOT_CALLED	NOT_CALLED	NOT_CALLED
block12_R1_d1000	1	1000	V6_AF	0.75	0.75	GT_0_50	AMBIGUOUS_CONTEXT	gatk	true	true	true	true	true	true	750	506	chrM,chrN_NUMT_11,chrN_NUMT_12	0	NOT_RETAINED:strand_bias	NOT_CALLED	NOT_RETAINED:FLAGGED_NUMT_EVIDENCE
block12_R1_d1000	1	1000	V6_AF	0.75	0.75	GT_0_50	AMBIGUOUS_CONTEXT	mutserve2	true	true	true	true	true	true	750	506	chrM,chrN_NUMT_11,chrN_NUMT_12	0	NOT_CALLED	NOT_CALLED	NOT_CALLED
block12_R1_d2000	1	2000	V1_NF	0.005	0.005	LT_0_01	NUMT_LIKE	gatk	true	true	true	true	true	true	10	6	chrM,chrN_NUMT_01,chrN_NUMT_02	0,60	NOT_RETAINED:strand_bias	NOT_CALLED	NOT_RETAINED:FLAGGED_NUMT_EVIDENCE
block12_R1_d2000	1	2000	V1_NF	0.005	0.005	LT_0_01	NUMT_LIKE	mutserve2	true	true	true	true	true	true	10	6	chrM,chrN_NUMT_01,chrN_NUMT_02	0,60	NOT_CALLED	NOT_CALLED	NOT_CALLED
block12_R1_d2000	1	2000	V1_AF	0.005	0.005	LT_0_01	AMBIGUOUS_CONTEXT	gatk	true	true	true	true	true	true	10	4	chrM,chrN_NUMT_01,chrN_NUMT_02,chrN_NUMT_03,chrN_NUMT_04	0	NOT_RETAINED:strand_bias;weak_evidence	NOT_CALLED	NOT_RETAINED:FLAGGED_NUMT_EVIDENCE
block12_R1_d2000	1	2000	V1_AF	0.005	0.005	LT_0_01	AMBIGUOUS_CONTEXT	mutserve2	true	true	true	true	true	true	10	4	chrM,chrN_NUMT_01,chrN_NUMT_02,chrN_NUMT_03,chrN_NUMT_04	0	NOT_CALLED	NOT_CALLED	NOT_CALLED
block12_R1_d2000	1	2000	V2_NF	0.015	0.015	VAF_0_01_0_02	NUMT_LIKE	gatk	true	true	true	true	true	true	30	8	chrM,chrN_NUMT_02,chrN_NUMT_03,chrN_NUMT_04	0,60	NOT_RETAINED:strand_bias	NOT_CALLED	NOT_RETAINED:FLAGGED_NUMT_EVIDENCE
block12_R1_d2000	1	2000	V2_NF	0.015	0.015	VAF_0_01_0_02	NUMT_LIKE	mutserve2	true	true	true	true	true	true	30	8	chrM,chrN_NUMT_02,chrN_NUMT_03,chrN_NUMT_04	0,60	NOT_CALLED	NOT_CALLED	NOT_CALLED
block12_R1_d2000	1	2000	V2_AF	0.015	0.015	VAF_0_01_0_02	AMBIGUOUS_CONTEXT	gatk	true	true	true	true	true	true	30	18	chrM,chrN_NUMT_03,chrN_NUMT_04	0	NOT_RETAINED:strand_bias	NOT_CALLED	NOT_RETAINED:FLAGGED_NUMT_EVIDENCE
block12_R1_d2000	1	2000	V2_AF	0.015	0.015	VAF_0_01_0_02	AMBIGUOUS_CONTEXT	mutserve2	true	true	true	true	true	true	30	18	chrM,chrN_NUMT_03,chrN_NUMT_04	0	NOT_CALLED	NOT_CALLED	NOT_CALLED
block12_R1_d2000	1	2000	V3_NF	0.035	0.035	VAF_0_02_0_05	NUMT_LIKE	gatk	true	true	true	true	true	true	70	17	chrM,chrN_NUMT_05,chrN_NUMT_06	0,60	NOT_RETAINED:strand_bias	NOT_CALLED	NOT_RETAINED:FLAGGED_NUMT_EVIDENCE
block12_R1_d2000	1	2000	V3_NF	0.035	0.035	VAF_0_02_0_05	NUMT_LIKE	mutserve2	true	true	true	true	true	true	70	17	chrM,chrN_NUMT_05,chrN_NUMT_06	0,60	NOT_CALLED	NOT_CALLED	NOT_CALLED
block12_R1_d2000	1	2000	V3_AF	0.035	0.035	VAF_0_02_0_05	AMBIGUOUS_CONTEXT	gatk	true	true	true	true	true	true	70	38	chrM,chrN_NUMT_05,chrN_NUMT_06,chrN_TRUE_LIKE_01	0	NOT_RETAINED:strand_bias	NOT_CALLED	NOT_RETAINED:FLAGGED_NUMT_EVIDENCE
block12_R1_d2000	1	2000	V3_AF	0.035	0.035	VAF_0_02_0_05	AMBIGUOUS_CONTEXT	mutserve2	true	true	true	true	true	true	70	38	chrM,chrN_NUMT_05,chrN_NUMT_06,chrN_TRUE_LIKE_01	0	NOT_CALLED	NOT_CALLED	NOT_CALLED
block12_R1_d2000	1	2000	V4_NF	0.075	0.075	VAF_0_05_0_10	NUMT_LIKE	gatk	true	true	true	true	true	true	150	36	chrM,chrN_NUMT_07,chrN_NUMT_08,chrN_TRUE_LIKE_01	0,60	NOT_RETAINED:strand_bias	NOT_CALLED	NOT_RETAINED:FLAGGED_NUMT_EVIDENCE
block12_R1_d2000	1	2000	V4_NF	0.075	0.075	VAF_0_05_0_10	NUMT_LIKE	mutserve2	true	true	true	true	true	true	150	36	chrM,chrN_NUMT_07,chrN_NUMT_08,chrN_TRUE_LIKE_01	0,60	NOT_CALLED	NOT_CALLED	NOT_CALLED
block12_R1_d2000	1	2000	V4_AF	0.075	0.075	VAF_0_05_0_10	AMBIGUOUS_CONTEXT	gatk	true	true	true	true	true	true	150	73	chrM,chrN_NUMT_07,chrN_NUMT_08,chrN_TRUE_AMB_02	0	NOT_RETAINED:strand_bias	NOT_CALLED	NOT_RETAINED:FLAGGED_NUMT_EVIDENCE
block12_R1_d2000	1	2000	V4_AF	0.075	0.075	VAF_0_05_0_10	AMBIGUOUS_CONTEXT	mutserve2	true	true	true	true	true	true	150	73	chrM,chrN_NUMT_07,chrN_NUMT_08,chrN_TRUE_AMB_02	0	NOT_CALLED	NOT_CALLED	NOT_CALLED
block12_R1_d2000	1	2000	V5_NF	0.25	0.25	VAF_0_10_0_50	NUMT_LIKE	gatk	true	true	true	true	true	true	500	119	chrM,chrN_NUMT_09,chrN_NUMT_10,chrN_TRUE_AMB_02	0,60	NOT_RETAINED:strand_bias	NOT_CALLED	NOT_RETAINED:FLAGGED_NUMT_EVIDENCE
block12_R1_d2000	1	2000	V5_NF	0.25	0.25	VAF_0_10_0_50	NUMT_LIKE	mutserve2	true	true	true	true	true	true	500	119	chrM,chrN_NUMT_09,chrN_NUMT_10,chrN_TRUE_AMB_02	0,60	NOT_CALLED	NOT_CALLED	NOT_CALLED
block12_R1_d2000	1	2000	V5_AF	0.25	0.25	VAF_0_10_0_50	AMBIGUOUS_CONTEXT	gatk	true	true	true	true	true	true	500	336	chrM,chrN_NUMT_09,chrN_NUMT_10	0	NOT_RETAINED:strand_bias	NOT_CALLED	NOT_RETAINED:FLAGGED_NUMT_EVIDENCE
block12_R1_d2000	1	2000	V5_AF	0.25	0.25	VAF_0_10_0_50	AMBIGUOUS_CONTEXT	mutserve2	true	true	true	true	true	true	500	336	chrM,chrN_NUMT_09,chrN_NUMT_10	0	NOT_CALLED	NOT_CALLED	NOT_CALLED
block12_R1_d2000	1	2000	V6_NF	0.75	0.75	GT_0_50	NUMT_LIKE	gatk	true	true	true	true	true	true	1500	518	chrM,chrN_NUMT_11,chrN_NUMT_12	0,60	NOT_RETAINED:strand_bias	NOT_CALLED	NOT_RETAINED:FLAGGED_NUMT_EVIDENCE
block12_R1_d2000	1	2000	V6_NF	0.75	0.75	GT_0_50	NUMT_LIKE	mutserve2	true	true	true	true	true	true	1500	518	chrM,chrN_NUMT_11,chrN_NUMT_12	0,60	NOT_CALLED	NOT_CALLED	NOT_CALLED
block12_R1_d2000	1	2000	V6_AF	0.75	0.75	GT_0_50	AMBIGUOUS_CONTEXT	gatk	true	true	true	true	true	true	1500	997	chrM,chrN_NUMT_11,chrN_NUMT_12	0	NOT_RETAINED:strand_bias	NOT_CALLED	NOT_RETAINED:FLAGGED_NUMT_EVIDENCE
block12_R1_d2000	1	2000	V6_AF	0.75	0.75	GT_0_50	AMBIGUOUS_CONTEXT	mutserve2	true	true	true	true	true	true	1500	997	chrM,chrN_NUMT_11,chrN_NUMT_12	0	NOT_CALLED	NOT_CALLED	NOT_CALLED
block12_R1_d5000	1	5000	V1_NF	0.005	0.005	LT_0_01	NUMT_LIKE	gatk	true	true	true	true	true	true	25	11	chrM,chrN_NUMT_01,chrN_NUMT_02	0,60	NOT_RETAINED:strand_bias	NOT_CALLED	NOT_RETAINED:FLAGGED_NUMT_EVIDENCE
block12_R1_d5000	1	5000	V1_NF	0.005	0.005	LT_0_01	NUMT_LIKE	mutserve2	true	true	true	true	true	true	25	11	chrM,chrN_NUMT_01,chrN_NUMT_02	0,60	NOT_CALLED	NOT_CALLED	NOT_CALLED
block12_R1_d5000	1	5000	V1_AF	0.005	0.005	LT_0_01	AMBIGUOUS_CONTEXT	gatk	true	true	true	true	true	true	25	7	chrM,chrN_NUMT_01,chrN_NUMT_02,chrN_NUMT_03,chrN_NUMT_04	0	NOT_RETAINED:strand_bias	NOT_CALLED	NOT_RETAINED:FLAGGED_NUMT_EVIDENCE
block12_R1_d5000	1	5000	V1_AF	0.005	0.005	LT_0_01	AMBIGUOUS_CONTEXT	mutserve2	true	true	true	true	true	true	25	7	chrM,chrN_NUMT_01,chrN_NUMT_02,chrN_NUMT_03,chrN_NUMT_04	0	NOT_CALLED	NOT_CALLED	NOT_CALLED
block12_R1_d5000	1	5000	V2_NF	0.015	0.015	VAF_0_01_0_02	NUMT_LIKE	gatk	true	true	true	true	true	true	75	17	chrM,chrN_NUMT_02,chrN_NUMT_03,chrN_NUMT_04	0,60	NOT_RETAINED:strand_bias	NOT_CALLED	NOT_RETAINED:FLAGGED_NUMT_EVIDENCE
block12_R1_d5000	1	5000	V2_NF	0.015	0.015	VAF_0_01_0_02	NUMT_LIKE	mutserve2	true	true	true	true	true	true	75	17	chrM,chrN_NUMT_02,chrN_NUMT_03,chrN_NUMT_04	0,60	NOT_CALLED	NOT_CALLED	NOT_CALLED
block12_R1_d5000	1	5000	V2_AF	0.015	0.015	VAF_0_01_0_02	AMBIGUOUS_CONTEXT	gatk	true	true	true	true	true	true	75	52	chrM,chrN_NUMT_03,chrN_NUMT_04	0	NOT_RETAINED:strand_bias	NOT_CALLED	NOT_RETAINED:FLAGGED_NUMT_EVIDENCE
block12_R1_d5000	1	5000	V2_AF	0.015	0.015	VAF_0_01_0_02	AMBIGUOUS_CONTEXT	mutserve2	true	true	true	true	true	true	75	52	chrM,chrN_NUMT_03,chrN_NUMT_04	0	NOT_CALLED	NOT_CALLED	NOT_CALLED
block12_R1_d5000	1	5000	V3_NF	0.035	0.035	VAF_0_02_0_05	NUMT_LIKE	gatk	true	true	true	true	true	true	175	57	chrM,chrN_NUMT_05,chrN_NUMT_06	0,60	NOT_RETAINED:strand_bias	NOT_CALLED	NOT_RETAINED:FLAGGED_NUMT_EVIDENCE
block12_R1_d5000	1	5000	V3_NF	0.035	0.035	VAF_0_02_0_05	NUMT_LIKE	mutserve2	true	true	true	true	true	true	175	57	chrM,chrN_NUMT_05,chrN_NUMT_06	0,60	NOT_CALLED	NOT_CALLED	NOT_CALLED
block12_R1_d5000	1	5000	V3_AF	0.035	0.035	VAF_0_02_0_05	AMBIGUOUS_CONTEXT	gatk	true	true	true	true	true	true	175	90	chrM,chrN_NUMT_05,chrN_NUMT_06,chrN_TRUE_LIKE_01	0	NOT_RETAINED:strand_bias	NOT_CALLED	NOT_RETAINED:FLAGGED_NUMT_EVIDENCE
block12_R1_d5000	1	5000	V3_AF	0.035	0.035	VAF_0_02_0_05	AMBIGUOUS_CONTEXT	mutserve2	true	true	true	true	true	true	175	90	chrM,chrN_NUMT_05,chrN_NUMT_06,chrN_TRUE_LIKE_01	0	NOT_CALLED	NOT_CALLED	NOT_CALLED
block12_R1_d5000	1	5000	V4_NF	0.075	0.075	VAF_0_05_0_10	NUMT_LIKE	gatk	true	true	true	true	true	true	375	94	chrM,chrN_NUMT_07,chrN_NUMT_08,chrN_TRUE_LIKE_01	0,60	NOT_RETAINED:strand_bias	NOT_CALLED	NOT_RETAINED:FLAGGED_NUMT_EVIDENCE
block12_R1_d5000	1	5000	V4_NF	0.075	0.075	VAF_0_05_0_10	NUMT_LIKE	mutserve2	true	true	true	true	true	true	375	94	chrM,chrN_NUMT_07,chrN_NUMT_08,chrN_TRUE_LIKE_01	0,60	NOT_CALLED	NOT_CALLED	NOT_CALLED
block12_R1_d5000	1	5000	V4_AF	0.075	0.075	VAF_0_05_0_10	AMBIGUOUS_CONTEXT	gatk	true	true	true	true	true	true	375	183	chrM,chrN_NUMT_07,chrN_NUMT_08,chrN_TRUE_AMB_02	0	NOT_RETAINED:strand_bias	NOT_CALLED	NOT_RETAINED:FLAGGED_NUMT_EVIDENCE
block12_R1_d5000	1	5000	V4_AF	0.075	0.075	VAF_0_05_0_10	AMBIGUOUS_CONTEXT	mutserve2	true	true	true	true	true	true	375	183	chrM,chrN_NUMT_07,chrN_NUMT_08,chrN_TRUE_AMB_02	0	NOT_CALLED	NOT_CALLED	NOT_CALLED
block12_R1_d5000	1	5000	V5_NF	0.25	0.25	VAF_0_10_0_50	NUMT_LIKE	gatk	true	true	true	true	true	true	1250	308	chrM,chrN_NUMT_09,chrN_NUMT_10,chrN_TRUE_AMB_02	0,60	NOT_RETAINED:strand_bias	NOT_CALLED	NOT_RETAINED:FLAGGED_NUMT_EVIDENCE
block12_R1_d5000	1	5000	V5_NF	0.25	0.25	VAF_0_10_0_50	NUMT_LIKE	mutserve2	true	true	true	true	true	true	1250	308	chrM,chrN_NUMT_09,chrN_NUMT_10,chrN_TRUE_AMB_02	0,60	NOT_CALLED	NOT_CALLED	NOT_CALLED
block12_R1_d5000	1	5000	V5_AF	0.25	0.25	VAF_0_10_0_50	AMBIGUOUS_CONTEXT	gatk	true	true	true	true	true	true	1250	832	chrM,chrN_NUMT_09,chrN_NUMT_10	0	NOT_RETAINED:strand_bias	NOT_CALLED	NOT_RETAINED:FLAGGED_NUMT_EVIDENCE
block12_R1_d5000	1	5000	V5_AF	0.25	0.25	VAF_0_10_0_50	AMBIGUOUS_CONTEXT	mutserve2	true	true	true	true	true	true	1250	832	chrM,chrN_NUMT_09,chrN_NUMT_10	0	NOT_CALLED	NOT_CALLED	NOT_CALLED
block12_R1_d5000	1	5000	V6_NF	0.75	0.75	GT_0_50	NUMT_LIKE	gatk	true	true	true	true	true	true	3750	1267	chrM,chrN_NUMT_11,chrN_NUMT_12	0,60	NOT_RETAINED:strand_bias	NOT_CALLED	NOT_RETAINED:FLAGGED_NUMT_EVIDENCE
block12_R1_d5000	1	5000	V6_NF	0.75	0.75	GT_0_50	NUMT_LIKE	mutserve2	true	true	true	true	true	true	3750	1267	chrM,chrN_NUMT_11,chrN_NUMT_12	0,60	NOT_CALLED	NOT_CALLED	NOT_CALLED
block12_R1_d5000	1	5000	V6_AF	0.75	0.75	GT_0_50	AMBIGUOUS_CONTEXT	gatk	true	true	true	true	true	true	3750	2518	chrM,chrN_NUMT_11,chrN_NUMT_12	0	NOT_RETAINED:strand_bias	NOT_CALLED	NOT_RETAINED:FLAGGED_NUMT_EVIDENCE
block12_R1_d5000	1	5000	V6_AF	0.75	0.75	GT_0_50	AMBIGUOUS_CONTEXT	mutserve2	true	true	true	true	true	true	3750	2518	chrM,chrN_NUMT_11,chrN_NUMT_12	0	NOT_CALLED	NOT_CALLED	NOT_CALLED
block12_R2_d100	2	100	V1_NF	0.005	0.01	VAF_0_01_0_02	NUMT_LIKE	gatk	true	true	true	true	false	false	1	0	chrN_NUMT_01,chrN_NUMT_02	0,60	NOT_CALLED	NOT_CALLED	NOT_CALLED
block12_R2_d100	2	100	V1_NF	0.005	0.01	VAF_0_01_0_02	NUMT_LIKE	mutserve2	true	true	true	true	false	false	1	0	chrN_NUMT_01,chrN_NUMT_02	0,60	NOT_CALLED	NOT_CALLED	NOT_CALLED
block12_R2_d100	2	100	V1_AF	0.005	0.01	VAF_0_01_0_02	AMBIGUOUS_CONTEXT	gatk	true	true	true	true	false	false	1	0	chrN_NUMT_02,chrN_NUMT_03	0	NOT_CALLED	NOT_CALLED	NOT_CALLED
block12_R2_d100	2	100	V1_AF	0.005	0.01	VAF_0_01_0_02	AMBIGUOUS_CONTEXT	mutserve2	true	true	true	true	false	false	1	0	chrN_NUMT_02,chrN_NUMT_03	0	NOT_CALLED	NOT_CALLED	NOT_CALLED
block12_R2_d100	2	100	V2_NF	0.015	0.02	VAF_0_02_0_05	NUMT_LIKE	gatk	true	true	true	true	true	true	2	1	chrM,chrN_NUMT_02,chrN_NUMT_03	0,60	NOT_RETAINED:weak_evidence	NOT_CALLED	CALLED_FALSE_SIGNAL
block12_R2_d100	2	100	V2_NF	0.015	0.02	VAF_0_02_0_05	NUMT_LIKE	mutserve2	true	true	true	true	true	true	2	1	chrM,chrN_NUMT_02,chrN_NUMT_03	0,60	NOT_CALLED	NOT_CALLED	NOT_CALLED
block12_R2_d100	2	100	V2_AF	0.015	0.02	VAF_0_02_0_05	AMBIGUOUS_CONTEXT	gatk	true	true	true	true	false	false	2	0	chrN_NUMT_03,chrN_NUMT_04	0	NOT_CALLED	NOT_CALLED	NOT_CALLED
block12_R2_d100	2	100	V2_AF	0.015	0.02	VAF_0_02_0_05	AMBIGUOUS_CONTEXT	mutserve2	true	true	true	true	false	false	2	0	chrN_NUMT_03,chrN_NUMT_04	0	NOT_CALLED	NOT_CALLED	NOT_CALLED
block12_R2_d100	2	100	V3_NF	0.035	0.04	VAF_0_02_0_05	NUMT_LIKE	gatk	true	true	true	true	false	false	4	0	chrN_NUMT_05,chrN_NUMT_06	0,60	NOT_CALLED	NOT_CALLED	NOT_CALLED
block12_R2_d100	2	100	V3_NF	0.035	0.04	VAF_0_02_0_05	NUMT_LIKE	mutserve2	true	true	true	true	false	false	4	0	chrN_NUMT_05,chrN_NUMT_06	0,60	NOT_CALLED	NOT_CALLED	NOT_CALLED
block12_R2_d100	2	100	V3_AF	0.035	0.04	VAF_0_02_0_05	AMBIGUOUS_CONTEXT	gatk	true	true	true	true	true	true	4	2	chrM,chrN_NUMT_05,chrN_NUMT_06	0	CALLED_FALSE_SIGNAL	NOT_CALLED	NOT_RETAINED:FLAGGED_NUMT_EVIDENCE
block12_R2_d100	2	100	V3_AF	0.035	0.04	VAF_0_02_0_05	AMBIGUOUS_CONTEXT	mutserve2	true	true	true	true	true	true	4	2	chrM,chrN_NUMT_05,chrN_NUMT_06	0	NOT_CALLED	NOT_CALLED	NOT_CALLED
block12_R2_d100	2	100	V4_NF	0.075	0.08	VAF_0_05_0_10	NUMT_LIKE	gatk	true	true	true	true	true	true	8	3	chrM,chrN_NUMT_07,chrN_NUMT_08,chrN_TRUE_LIKE_01	0,60	CALLED_FALSE_SIGNAL	NOT_CALLED	NOT_RETAINED:FLAGGED_NUMT_EVIDENCE
block12_R2_d100	2	100	V4_NF	0.075	0.08	VAF_0_05_0_10	NUMT_LIKE	mutserve2	true	true	true	true	true	true	8	3	chrM,chrN_NUMT_07,chrN_NUMT_08,chrN_TRUE_LIKE_01	0,60	NOT_CALLED	NOT_CALLED	NOT_CALLED
block12_R2_d100	2	100	V4_AF	0.075	0.08	VAF_0_05_0_10	AMBIGUOUS_CONTEXT	gatk	true	true	true	true	true	true	8	4	chrM,chrN_NUMT_07,chrN_NUMT_08,chrN_TRUE_AMB_02	0	CALLED_FALSE_SIGNAL	NOT_CALLED	NOT_RETAINED:FLAGGED_NUMT_EVIDENCE
block12_R2_d100	2	100	V4_AF	0.075	0.08	VAF_0_05_0_10	AMBIGUOUS_CONTEXT	mutserve2	true	true	true	true	true	true	8	4	chrM,chrN_NUMT_07,chrN_NUMT_08,chrN_TRUE_AMB_02	0	NOT_CALLED	NOT_CALLED	NOT_CALLED
block12_R2_d100	2	100	V5_NF	0.25	0.25	VAF_0_10_0_50	NUMT_LIKE	gatk	true	true	true	true	true	true	25	8	chrM,chrN_NUMT_09,chrN_NUMT_10,chrN_TRUE_AMB_02	0,60	CALLED_FALSE_SIGNAL	NOT_CALLED	NOT_RETAINED:FLAGGED_NUMT_EVIDENCE
block12_R2_d100	2	100	V5_NF	0.25	0.25	VAF_0_10_0_50	NUMT_LIKE	mutserve2	true	true	true	true	true	true	25	8	chrM,chrN_NUMT_09,chrN_NUMT_10,chrN_TRUE_AMB_02	0,60	NOT_CALLED	NOT_CALLED	NOT_CALLED
block12_R2_d100	2	100	V5_AF	0.25	0.25	VAF_0_10_0_50	AMBIGUOUS_CONTEXT	gatk	true	true	true	true	true	true	25	16	chrM,chrN_NUMT_09,chrN_NUMT_10	0	NOT_RETAINED:strand_bias	NOT_CALLED	NOT_RETAINED:FLAGGED_NUMT_EVIDENCE
block12_R2_d100	2	100	V5_AF	0.25	0.25	VAF_0_10_0_50	AMBIGUOUS_CONTEXT	mutserve2	true	true	true	true	true	true	25	16	chrM,chrN_NUMT_09,chrN_NUMT_10	0	NOT_CALLED	NOT_CALLED	NOT_CALLED
block12_R2_d100	2	100	V6_NF	0.75	0.75	GT_0_50	NUMT_LIKE	gatk	true	true	true	true	true	true	75	24	chrM,chrN_NUMT_11,chrN_NUMT_12	0,60	NOT_RETAINED:strand_bias	NOT_CALLED	NOT_RETAINED:FLAGGED_NUMT_EVIDENCE
block12_R2_d100	2	100	V6_NF	0.75	0.75	GT_0_50	NUMT_LIKE	mutserve2	true	true	true	true	true	true	75	24	chrM,chrN_NUMT_11,chrN_NUMT_12	0,60	NOT_CALLED	NOT_CALLED	NOT_CALLED
block12_R2_d100	2	100	V6_AF	0.75	0.75	GT_0_50	AMBIGUOUS_CONTEXT	gatk	true	true	true	true	true	true	75	54	chrM,chrN_NUMT_11,chrN_NUMT_12	0	NOT_RETAINED:strand_bias	NOT_CALLED	NOT_RETAINED:FLAGGED_NUMT_EVIDENCE
block12_R2_d100	2	100	V6_AF	0.75	0.75	GT_0_50	AMBIGUOUS_CONTEXT	mutserve2	true	true	true	true	true	true	75	54	chrM,chrN_NUMT_11,chrN_NUMT_12	0	NOT_CALLED	NOT_CALLED	NOT_CALLED
block12_R2_d250	2	250	V1_NF	0.005	0.004	LT_0_01	NUMT_LIKE	gatk	true	true	true	true	false	false	1	0	chrN_NUMT_01,chrN_NUMT_02	0,60	NOT_CALLED	NOT_CALLED	NOT_CALLED
block12_R2_d250	2	250	V1_NF	0.005	0.004	LT_0_01	NUMT_LIKE	mutserve2	true	true	true	true	false	false	1	0	chrN_NUMT_01,chrN_NUMT_02	0,60	NOT_CALLED	NOT_CALLED	NOT_CALLED
block12_R2_d250	2	250	V1_AF	0.005	0.004	LT_0_01	AMBIGUOUS_CONTEXT	gatk	true	true	true	true	true	true	1	1	chrM,chrN_NUMT_03	0	NOT_RETAINED:weak_evidence	NOT_CALLED	CALLED_FALSE_SIGNAL
block12_R2_d250	2	250	V1_AF	0.005	0.004	LT_0_01	AMBIGUOUS_CONTEXT	mutserve2	true	true	true	true	true	true	1	1	chrM,chrN_NUMT_03	0	NOT_CALLED	NOT_CALLED	NOT_CALLED
block12_R2_d250	2	250	V2_NF	0.015	0.016	VAF_0_01_0_02	NUMT_LIKE	gatk	true	true	true	true	true	true	4	1	chrM,chrN_NUMT_02,chrN_NUMT_03,chrN_NUMT_04	0,60	NOT_RETAINED:weak_evidence	NOT_CALLED	CALLED_FALSE_SIGNAL
block12_R2_d250	2	250	V2_NF	0.015	0.016	VAF_0_01_0_02	NUMT_LIKE	mutserve2	true	true	true	true	true	true	4	1	chrM,chrN_NUMT_02,chrN_NUMT_03,chrN_NUMT_04	0,60	NOT_CALLED	NOT_CALLED	NOT_CALLED
block12_R2_d250	2	250	V2_AF	0.015	0.016	VAF_0_01_0_02	AMBIGUOUS_CONTEXT	gatk	true	true	true	true	true	true	4	3	chrM,chrN_NUMT_03,chrN_NUMT_04	0	CALLED_FALSE_SIGNAL	NOT_CALLED	NOT_RETAINED:FLAGGED_NUMT_EVIDENCE
block12_R2_d250	2	250	V2_AF	0.015	0.016	VAF_0_01_0_02	AMBIGUOUS_CONTEXT	mutserve2	true	true	true	true	true	true	4	3	chrM,chrN_NUMT_03,chrN_NUMT_04	0	NOT_CALLED	NOT_CALLED	NOT_CALLED
block12_R2_d250	2	250	V3_NF	0.035	0.036	VAF_0_02_0_05	NUMT_LIKE	gatk	true	true	true	true	true	true	9	2	chrM,chrN_NUMT_05,chrN_NUMT_06	0,60	CALLED_FALSE_SIGNAL	NOT_CALLED	NOT_RETAINED:FLAGGED_NUMT_EVIDENCE
block12_R2_d250	2	250	V3_NF	0.035	0.036	VAF_0_02_0_05	NUMT_LIKE	mutserve2	true	true	true	true	true	true	9	2	chrM,chrN_NUMT_05,chrN_NUMT_06	0,60	NOT_CALLED	NOT_CALLED	NOT_CALLED
block12_R2_d250	2	250	V3_AF	0.035	0.036	VAF_0_02_0_05	AMBIGUOUS_CONTEXT	gatk	true	true	true	true	true	true	9	3	chrM,chrN_NUMT_05,chrN_NUMT_06,chrN_TRUE_LIKE_01	0	CALLED_FALSE_SIGNAL	NOT_CALLED	NOT_RETAINED:FLAGGED_NUMT_EVIDENCE
block12_R2_d250	2	250	V3_AF	0.035	0.036	VAF_0_02_0_05	AMBIGUOUS_CONTEXT	mutserve2	true	true	true	true	true	true	9	3	chrM,chrN_NUMT_05,chrN_NUMT_06,chrN_TRUE_LIKE_01	0	NOT_CALLED	NOT_CALLED	NOT_CALLED
block12_R2_d250	2	250	V4_NF	0.075	0.076	VAF_0_05_0_10	NUMT_LIKE	gatk	true	true	true	true	true	true	19	6	chrM,chrN_NUMT_07,chrN_NUMT_08,chrN_TRUE_LIKE_01	0,60	CALLED_FALSE_SIGNAL	NOT_CALLED	NOT_RETAINED:FLAGGED_NUMT_EVIDENCE
block12_R2_d250	2	250	V4_NF	0.075	0.076	VAF_0_05_0_10	NUMT_LIKE	mutserve2	true	true	true	true	true	true	19	6	chrM,chrN_NUMT_07,chrN_NUMT_08,chrN_TRUE_LIKE_01	0,60	NOT_CALLED	NOT_CALLED	NOT_CALLED
block12_R2_d250	2	250	V4_AF	0.075	0.076	VAF_0_05_0_10	AMBIGUOUS_CONTEXT	gatk	true	true	true	true	true	true	19	10	chrM,chrN_NUMT_07,chrN_NUMT_08,chrN_TRUE_AMB_02	0	NOT_RETAINED:strand_bias	NOT_CALLED	NOT_RETAINED:FLAGGED_NUMT_EVIDENCE
block12_R2_d250	2	250	V4_AF	0.075	0.076	VAF_0_05_0_10	AMBIGUOUS_CONTEXT	mutserve2	true	true	true	true	true	true	19	10	chrM,chrN_NUMT_07,chrN_NUMT_08,chrN_TRUE_AMB_02	0	NOT_CALLED	NOT_CALLED	NOT_CALLED
block12_R2_d250	2	250	V5_NF	0.25	0.252	VAF_0_10_0_50	NUMT_LIKE	gatk	true	true	true	true	true	true	63	15	chrM,chrN_NUMT_09,chrN_NUMT_10,chrN_TRUE_AMB_02	0,60	NOT_RETAINED:strand_bias	NOT_CALLED	NOT_RETAINED:FLAGGED_NUMT_EVIDENCE
block12_R2_d250	2	250	V5_NF	0.25	0.252	VAF_0_10_0_50	NUMT_LIKE	mutserve2	true	true	true	true	true	true	63	15	chrM,chrN_NUMT_09,chrN_NUMT_10,chrN_TRUE_AMB_02	0,60	NOT_CALLED	NOT_CALLED	NOT_CALLED
block12_R2_d250	2	250	V5_AF	0.25	0.252	VAF_0_10_0_50	AMBIGUOUS_CONTEXT	gatk	true	true	true	true	true	true	63	42	chrM,chrN_NUMT_09,chrN_NUMT_10	0	NOT_RETAINED:strand_bias	NOT_CALLED	NOT_RETAINED:FLAGGED_NUMT_EVIDENCE
block12_R2_d250	2	250	V5_AF	0.25	0.252	VAF_0_10_0_50	AMBIGUOUS_CONTEXT	mutserve2	true	true	true	true	true	true	63	42	chrM,chrN_NUMT_09,chrN_NUMT_10	0	NOT_CALLED	NOT_CALLED	NOT_CALLED
block12_R2_d250	2	250	V6_NF	0.75	0.752	GT_0_50	NUMT_LIKE	gatk	true	true	true	true	true	true	188	61	chrM,chrN_NUMT_11,chrN_NUMT_12	0,60	NOT_RETAINED:strand_bias	NOT_CALLED	NOT_RETAINED:FLAGGED_NUMT_EVIDENCE
block12_R2_d250	2	250	V6_NF	0.75	0.752	GT_0_50	NUMT_LIKE	mutserve2	true	true	true	true	true	true	188	61	chrM,chrN_NUMT_11,chrN_NUMT_12	0,60	NOT_CALLED	NOT_CALLED	NOT_CALLED
block12_R2_d250	2	250	V6_AF	0.75	0.752	GT_0_50	AMBIGUOUS_CONTEXT	gatk	true	true	true	true	true	true	188	123	chrM,chrN_NUMT_11,chrN_NUMT_12	0	NOT_RETAINED:strand_bias	NOT_CALLED	NOT_RETAINED:FLAGGED_NUMT_EVIDENCE
block12_R2_d250	2	250	V6_AF	0.75	0.752	GT_0_50	AMBIGUOUS_CONTEXT	mutserve2	true	true	true	true	true	true	188	123	chrM,chrN_NUMT_11,chrN_NUMT_12	0	NOT_CALLED	NOT_CALLED	NOT_CALLED
block12_R2_d500	2	500	V1_NF	0.005	0.006	LT_0_01	NUMT_LIKE	gatk	true	true	true	true	false	false	3	0	chrN_NUMT_01,chrN_NUMT_02	0,60	NOT_CALLED	NOT_CALLED	NOT_CALLED
block12_R2_d500	2	500	V1_NF	0.005	0.006	LT_0_01	NUMT_LIKE	mutserve2	true	true	true	true	false	false	3	0	chrN_NUMT_01,chrN_NUMT_02	0,60	NOT_CALLED	NOT_CALLED	NOT_CALLED
block12_R2_d500	2	500	V1_AF	0.005	0.006	LT_0_01	AMBIGUOUS_CONTEXT	gatk	true	true	true	true	true	true	3	1	chrM,chrN_NUMT_01,chrN_NUMT_02,chrN_NUMT_03,chrN_NUMT_04	0	NOT_CALLED	NOT_CALLED	NOT_CALLED
block12_R2_d500	2	500	V1_AF	0.005	0.006	LT_0_01	AMBIGUOUS_CONTEXT	mutserve2	true	true	true	true	true	true	3	1	chrM,chrN_NUMT_01,chrN_NUMT_02,chrN_NUMT_03,chrN_NUMT_04	0	NOT_CALLED	NOT_CALLED	NOT_CALLED
block12_R2_d500	2	500	V2_NF	0.015	0.016	VAF_0_01_0_02	NUMT_LIKE	gatk	true	true	true	true	true	true	8	4	chrM,chrN_NUMT_02,chrN_NUMT_03,chrN_NUMT_04	0,60	CALLED_FALSE_SIGNAL	NOT_CALLED	NOT_RETAINED:FLAGGED_NUMT_EVIDENCE
block12_R2_d500	2	500	V2_NF	0.015	0.016	VAF_0_01_0_02	NUMT_LIKE	mutserve2	true	true	true	true	true	true	8	4	chrM,chrN_NUMT_02,chrN_NUMT_03,chrN_NUMT_04	0,60	NOT_CALLED	NOT_CALLED	NOT_CALLED
block12_R2_d500	2	500	V2_AF	0.015	0.016	VAF_0_01_0_02	AMBIGUOUS_CONTEXT	gatk	true	true	true	true	true	true	8	7	chrM,chrN_NUMT_03,chrN_NUMT_04	0	NOT_RETAINED:strand_bias	NOT_CALLED	NOT_RETAINED:FLAGGED_NUMT_EVIDENCE
block12_R2_d500	2	500	V2_AF	0.015	0.016	VAF_0_01_0_02	AMBIGUOUS_CONTEXT	mutserve2	true	true	true	true	true	true	8	7	chrM,chrN_NUMT_03,chrN_NUMT_04	0	NOT_CALLED	NOT_CALLED	NOT_CALLED
block12_R2_d500	2	500	V3_NF	0.035	0.036	VAF_0_02_0_05	NUMT_LIKE	gatk	true	true	true	true	true	true	18	4	chrM,chrN_NUMT_05,chrN_NUMT_06	0,60	CALLED_FALSE_SIGNAL	NOT_CALLED	NOT_RETAINED:FLAGGED_NUMT_EVIDENCE
block12_R2_d500	2	500	V3_NF	0.035	0.036	VAF_0_02_0_05	NUMT_LIKE	mutserve2	true	true	true	true	true	true	18	4	chrM,chrN_NUMT_05,chrN_NUMT_06	0,60	NOT_CALLED	NOT_CALLED	NOT_CALLED
block12_R2_d500	2	500	V3_AF	0.035	0.036	VAF_0_02_0_05	AMBIGUOUS_CONTEXT	gatk	true	true	true	true	true	true	18	9	chrM,chrN_NUMT_05,chrN_NUMT_06,chrN_TRUE_LIKE_01	0	NOT_RETAINED:strand_bias	NOT_CALLED	NOT_RETAINED:FLAGGED_NUMT_EVIDENCE
block12_R2_d500	2	500	V3_AF	0.035	0.036	VAF_0_02_0_05	AMBIGUOUS_CONTEXT	mutserve2	true	true	true	true	true	true	18	9	chrM,chrN_NUMT_05,chrN_NUMT_06,chrN_TRUE_LIKE_01	0	NOT_CALLED	NOT_CALLED	NOT_CALLED
block12_R2_d500	2	500	V4_NF	0.075	0.076	VAF_0_05_0_10	NUMT_LIKE	gatk	true	true	true	true	true	true	38	10	chrM,chrN_NUMT_07,chrN_NUMT_08,chrN_TRUE_LIKE_01	0,60	NOT_RETAINED:strand_bias	NOT_CALLED	NOT_RETAINED:FLAGGED_NUMT_EVIDENCE
block12_R2_d500	2	500	V4_NF	0.075	0.076	VAF_0_05_0_10	NUMT_LIKE	mutserve2	true	true	true	true	true	true	38	10	chrM,chrN_NUMT_07,chrN_NUMT_08,chrN_TRUE_LIKE_01	0,60	NOT_CALLED	NOT_CALLED	NOT_CALLED
block12_R2_d500	2	500	V4_AF	0.075	0.076	VAF_0_05_0_10	AMBIGUOUS_CONTEXT	gatk	true	true	true	true	true	true	38	19	chrM,chrN_NUMT_07,chrN_NUMT_08,chrN_TRUE_AMB_02	0	NOT_RETAINED:strand_bias	NOT_CALLED	NOT_RETAINED:FLAGGED_NUMT_EVIDENCE
block12_R2_d500	2	500	V4_AF	0.075	0.076	VAF_0_05_0_10	AMBIGUOUS_CONTEXT	mutserve2	true	true	true	true	true	true	38	19	chrM,chrN_NUMT_07,chrN_NUMT_08,chrN_TRUE_AMB_02	0	NOT_CALLED	NOT_CALLED	NOT_CALLED
block12_R2_d500	2	500	V5_NF	0.25	0.25	VAF_0_10_0_50	NUMT_LIKE	gatk	true	true	true	true	true	true	125	27	chrM,chrN_NUMT_09,chrN_NUMT_10,chrN_TRUE_AMB_02	0,60	NOT_RETAINED:strand_bias	NOT_CALLED	NOT_RETAINED:FLAGGED_NUMT_EVIDENCE
block12_R2_d500	2	500	V5_NF	0.25	0.25	VAF_0_10_0_50	NUMT_LIKE	mutserve2	true	true	true	true	true	true	125	27	chrM,chrN_NUMT_09,chrN_NUMT_10,chrN_TRUE_AMB_02	0,60	NOT_CALLED	NOT_CALLED	NOT_CALLED
block12_R2_d500	2	500	V5_AF	0.25	0.25	VAF_0_10_0_50	AMBIGUOUS_CONTEXT	gatk	true	true	true	true	true	true	125	79	chrM,chrN_NUMT_09,chrN_NUMT_10	0	NOT_RETAINED:strand_bias	NOT_CALLED	NOT_RETAINED:FLAGGED_NUMT_EVIDENCE
block12_R2_d500	2	500	V5_AF	0.25	0.25	VAF_0_10_0_50	AMBIGUOUS_CONTEXT	mutserve2	true	true	true	true	true	true	125	79	chrM,chrN_NUMT_09,chrN_NUMT_10	0	NOT_CALLED	NOT_CALLED	NOT_CALLED
block12_R2_d500	2	500	V6_NF	0.75	0.75	GT_0_50	NUMT_LIKE	gatk	true	true	true	true	true	true	375	126	chrM,chrN_NUMT_11,chrN_NUMT_12	0,60	NOT_RETAINED:strand_bias	NOT_CALLED	NOT_RETAINED:FLAGGED_NUMT_EVIDENCE
block12_R2_d500	2	500	V6_NF	0.75	0.75	GT_0_50	NUMT_LIKE	mutserve2	true	true	true	true	true	true	375	126	chrM,chrN_NUMT_11,chrN_NUMT_12	0,60	NOT_CALLED	NOT_CALLED	NOT_CALLED
block12_R2_d500	2	500	V6_AF	0.75	0.75	GT_0_50	AMBIGUOUS_CONTEXT	gatk	true	true	true	true	true	true	375	241	chrM,chrN_NUMT_11,chrN_NUMT_12	0	NOT_RETAINED:strand_bias	NOT_CALLED	NOT_RETAINED:FLAGGED_NUMT_EVIDENCE
block12_R2_d500	2	500	V6_AF	0.75	0.75	GT_0_50	AMBIGUOUS_CONTEXT	mutserve2	true	true	true	true	true	true	375	241	chrM,chrN_NUMT_11,chrN_NUMT_12	0	NOT_CALLED	NOT_CALLED	NOT_CALLED
block12_R2_d1000	2	1000	V1_NF	0.005	0.005	LT_0_01	NUMT_LIKE	gatk	true	true	true	true	true	true	5	3	chrM,chrN_NUMT_01,chrN_NUMT_02	0,60	NOT_RETAINED:strand_bias;weak_evidence	NOT_CALLED	NOT_RETAINED:FLAGGED_NUMT_EVIDENCE
block12_R2_d1000	2	1000	V1_NF	0.005	0.005	LT_0_01	NUMT_LIKE	mutserve2	true	true	true	true	true	true	5	3	chrM,chrN_NUMT_01,chrN_NUMT_02	0,60	NOT_CALLED	NOT_CALLED	NOT_CALLED
block12_R2_d1000	2	1000	V1_AF	0.005	0.005	LT_0_01	AMBIGUOUS_CONTEXT	gatk	true	true	true	true	true	true	5	3	chrM,chrN_NUMT_01,chrN_NUMT_02,chrN_NUMT_03,chrN_NUMT_04	0	CALLED_FALSE_SIGNAL	NOT_CALLED	NOT_RETAINED:FLAGGED_NUMT_EVIDENCE
block12_R2_d1000	2	1000	V1_AF	0.005	0.005	LT_0_01	AMBIGUOUS_CONTEXT	mutserve2	true	true	true	true	true	true	5	3	chrM,chrN_NUMT_01,chrN_NUMT_02,chrN_NUMT_03,chrN_NUMT_04	0	NOT_CALLED	NOT_CALLED	NOT_CALLED
block12_R2_d1000	2	1000	V2_NF	0.015	0.015	VAF_0_01_0_02	NUMT_LIKE	gatk	true	true	true	true	true	true	15	2	chrM,chrN_NUMT_02,chrN_NUMT_03,chrN_NUMT_04	0,60	NOT_RETAINED:weak_evidence	NOT_CALLED	NOT_RETAINED:FLAGGED_NUMT_EVIDENCE
block12_R2_d1000	2	1000	V2_NF	0.015	0.015	VAF_0_01_0_02	NUMT_LIKE	mutserve2	true	true	true	true	true	true	15	2	chrM,chrN_NUMT_02,chrN_NUMT_03,chrN_NUMT_04	0,60	NOT_CALLED	NOT_CALLED	NOT_CALLED
block12_R2_d1000	2	1000	V2_AF	0.015	0.015	VAF_0_01_0_02	AMBIGUOUS_CONTEXT	gatk	true	true	true	true	true	true	15	10	chrM,chrN_NUMT_03,chrN_NUMT_04	0	NOT_RETAINED:strand_bias	NOT_CALLED	NOT_RETAINED:FLAGGED_NUMT_EVIDENCE
block12_R2_d1000	2	1000	V2_AF	0.015	0.015	VAF_0_01_0_02	AMBIGUOUS_CONTEXT	mutserve2	true	true	true	true	true	true	15	10	chrM,chrN_NUMT_03,chrN_NUMT_04	0	NOT_CALLED	NOT_CALLED	NOT_CALLED
block12_R2_d1000	2	1000	V3_NF	0.035	0.035	VAF_0_02_0_05	NUMT_LIKE	gatk	true	true	true	true	true	true	35	13	chrM,chrN_NUMT_05,chrN_NUMT_06	0,60	NOT_RETAINED:strand_bias	NOT_CALLED	NOT_RETAINED:FLAGGED_NUMT_EVIDENCE
block12_R2_d1000	2	1000	V3_NF	0.035	0.035	VAF_0_02_0_05	NUMT_LIKE	mutserve2	true	true	true	true	true	true	35	13	chrM,chrN_NUMT_05,chrN_NUMT_06	0,60	NOT_CALLED	NOT_CALLED	NOT_CALLED
block12_R2_d1000	2	1000	V3_AF	0.035	0.035	VAF_0_02_0_05	AMBIGUOUS_CONTEXT	gatk	true	true	true	true	true	true	35	18	chrM,chrN_NUMT_05,chrN_NUMT_06,chrN_TRUE_LIKE_01	0	NOT_RETAINED:strand_bias	NOT_CALLED	NOT_RETAINED:FLAGGED_NUMT_EVIDENCE
block12_R2_d1000	2	1000	V3_AF	0.035	0.035	VAF_0_02_0_05	AMBIGUOUS_CONTEXT	mutserve2	true	true	true	true	true	true	35	18	chrM,chrN_NUMT_05,chrN_NUMT_06,chrN_TRUE_LIKE_01	0	NOT_CALLED	NOT_CALLED	NOT_CALLED
block12_R2_d1000	2	1000	V4_NF	0.075	0.075	VAF_0_05_0_10	NUMT_LIKE	gatk	true	true	true	true	true	true	75	20	chrM,chrN_NUMT_07,chrN_NUMT_08,chrN_TRUE_LIKE_01	0,60	NOT_RETAINED:strand_bias	NOT_CALLED	NOT_RETAINED:FLAGGED_NUMT_EVIDENCE
block12_R2_d1000	2	1000	V4_NF	0.075	0.075	VAF_0_05_0_10	NUMT_LIKE	mutserve2	true	true	true	true	true	true	75	20	chrM,chrN_NUMT_07,chrN_NUMT_08,chrN_TRUE_LIKE_01	0,60	NOT_CALLED	NOT_CALLED	NOT_CALLED
block12_R2_d1000	2	1000	V4_AF	0.075	0.075	VAF_0_05_0_10	AMBIGUOUS_CONTEXT	gatk	true	true	true	true	true	true	75	36	chrM,chrN_NUMT_07,chrN_NUMT_08,chrN_TRUE_AMB_02	0	NOT_RETAINED:strand_bias	NOT_CALLED	NOT_RETAINED:FLAGGED_NUMT_EVIDENCE
block12_R2_d1000	2	1000	V4_AF	0.075	0.075	VAF_0_05_0_10	AMBIGUOUS_CONTEXT	mutserve2	true	true	true	true	true	true	75	36	chrM,chrN_NUMT_07,chrN_NUMT_08,chrN_TRUE_AMB_02	0	NOT_CALLED	NOT_CALLED	NOT_CALLED
block12_R2_d1000	2	1000	V5_NF	0.25	0.25	VAF_0_10_0_50	NUMT_LIKE	gatk	true	true	true	true	true	true	250	61	chrM,chrN_NUMT_09,chrN_NUMT_10,chrN_TRUE_AMB_02	0,60	NOT_RETAINED:strand_bias	NOT_CALLED	NOT_RETAINED:FLAGGED_NUMT_EVIDENCE
block12_R2_d1000	2	1000	V5_NF	0.25	0.25	VAF_0_10_0_50	NUMT_LIKE	mutserve2	true	true	true	true	true	true	250	61	chrM,chrN_NUMT_09,chrN_NUMT_10,chrN_TRUE_AMB_02	0,60	NOT_CALLED	NOT_CALLED	NOT_CALLED
block12_R2_d1000	2	1000	V5_AF	0.25	0.25	VAF_0_10_0_50	AMBIGUOUS_CONTEXT	gatk	true	true	true	true	true	true	250	170	chrM,chrN_NUMT_09,chrN_NUMT_10	0	NOT_RETAINED:strand_bias	NOT_CALLED	NOT_RETAINED:FLAGGED_NUMT_EVIDENCE
block12_R2_d1000	2	1000	V5_AF	0.25	0.25	VAF_0_10_0_50	AMBIGUOUS_CONTEXT	mutserve2	true	true	true	true	true	true	250	170	chrM,chrN_NUMT_09,chrN_NUMT_10	0	NOT_CALLED	NOT_CALLED	NOT_CALLED
block12_R2_d1000	2	1000	V6_NF	0.75	0.75	GT_0_50	NUMT_LIKE	gatk	true	true	true	true	true	true	750	253	chrM,chrN_NUMT_11,chrN_NUMT_12	0,60	NOT_RETAINED:strand_bias	NOT_CALLED	NOT_RETAINED:FLAGGED_NUMT_EVIDENCE
block12_R2_d1000	2	1000	V6_NF	0.75	0.75	GT_0_50	NUMT_LIKE	mutserve2	true	true	true	true	true	true	750	253	chrM,chrN_NUMT_11,chrN_NUMT_12	0,60	NOT_CALLED	NOT_CALLED	NOT_CALLED
block12_R2_d1000	2	1000	V6_AF	0.75	0.75	GT_0_50	AMBIGUOUS_CONTEXT	gatk	true	true	true	true	true	true	750	506	chrM,chrN_NUMT_11,chrN_NUMT_12	0	NOT_RETAINED:strand_bias	NOT_CALLED	NOT_RETAINED:FLAGGED_NUMT_EVIDENCE
block12_R2_d1000	2	1000	V6_AF	0.75	0.75	GT_0_50	AMBIGUOUS_CONTEXT	mutserve2	true	true	true	true	true	true	750	506	chrM,chrN_NUMT_11,chrN_NUMT_12	0	NOT_CALLED	NOT_CALLED	NOT_CALLED
block12_R2_d2000	2	2000	V1_NF	0.005	0.005	LT_0_01	NUMT_LIKE	gatk	true	true	true	true	true	true	10	6	chrM,chrN_NUMT_01,chrN_NUMT_02	0,60	NOT_RETAINED:strand_bias	NOT_CALLED	NOT_RETAINED:FLAGGED_NUMT_EVIDENCE
block12_R2_d2000	2	2000	V1_NF	0.005	0.005	LT_0_01	NUMT_LIKE	mutserve2	true	true	true	true	true	true	10	6	chrM,chrN_NUMT_01,chrN_NUMT_02	0,60	NOT_CALLED	NOT_CALLED	NOT_CALLED
block12_R2_d2000	2	2000	V1_AF	0.005	0.005	LT_0_01	AMBIGUOUS_CONTEXT	gatk	true	true	true	true	true	true	10	4	chrM,chrN_NUMT_01,chrN_NUMT_02,chrN_NUMT_03,chrN_NUMT_04	0	NOT_RETAINED:strand_bias	NOT_CALLED	NOT_RETAINED:FLAGGED_NUMT_EVIDENCE
block12_R2_d2000	2	2000	V1_AF	0.005	0.005	LT_0_01	AMBIGUOUS_CONTEXT	mutserve2	true	true	true	true	true	true	10	4	chrM,chrN_NUMT_01,chrN_NUMT_02,chrN_NUMT_03,chrN_NUMT_04	0	NOT_CALLED	NOT_CALLED	NOT_CALLED
block12_R2_d2000	2	2000	V2_NF	0.015	0.015	VAF_0_01_0_02	NUMT_LIKE	gatk	true	true	true	true	true	true	30	8	chrM,chrN_NUMT_02,chrN_NUMT_03,chrN_NUMT_04	0,60	NOT_RETAINED:strand_bias	NOT_CALLED	NOT_RETAINED:FLAGGED_NUMT_EVIDENCE
block12_R2_d2000	2	2000	V2_NF	0.015	0.015	VAF_0_01_0_02	NUMT_LIKE	mutserve2	true	true	true	true	true	true	30	8	chrM,chrN_NUMT_02,chrN_NUMT_03,chrN_NUMT_04	0,60	NOT_CALLED	NOT_CALLED	NOT_CALLED
block12_R2_d2000	2	2000	V2_AF	0.015	0.015	VAF_0_01_0_02	AMBIGUOUS_CONTEXT	gatk	true	true	true	true	true	true	30	18	chrM,chrN_NUMT_03,chrN_NUMT_04	0	NOT_RETAINED:strand_bias	NOT_CALLED	NOT_RETAINED:FLAGGED_NUMT_EVIDENCE
block12_R2_d2000	2	2000	V2_AF	0.015	0.015	VAF_0_01_0_02	AMBIGUOUS_CONTEXT	mutserve2	true	true	true	true	true	true	30	18	chrM,chrN_NUMT_03,chrN_NUMT_04	0	NOT_CALLED	NOT_CALLED	NOT_CALLED
block12_R2_d2000	2	2000	V3_NF	0.035	0.035	VAF_0_02_0_05	NUMT_LIKE	gatk	true	true	true	true	true	true	70	17	chrM,chrN_NUMT_05,chrN_NUMT_06	0,60	NOT_RETAINED:strand_bias	NOT_CALLED	NOT_RETAINED:FLAGGED_NUMT_EVIDENCE
block12_R2_d2000	2	2000	V3_NF	0.035	0.035	VAF_0_02_0_05	NUMT_LIKE	mutserve2	true	true	true	true	true	true	70	17	chrM,chrN_NUMT_05,chrN_NUMT_06	0,60	NOT_CALLED	NOT_CALLED	NOT_CALLED
block12_R2_d2000	2	2000	V3_AF	0.035	0.035	VAF_0_02_0_05	AMBIGUOUS_CONTEXT	gatk	true	true	true	true	true	true	70	38	chrM,chrN_NUMT_05,chrN_NUMT_06,chrN_TRUE_LIKE_01	0	NOT_RETAINED:strand_bias	NOT_CALLED	NOT_RETAINED:FLAGGED_NUMT_EVIDENCE
block12_R2_d2000	2	2000	V3_AF	0.035	0.035	VAF_0_02_0_05	AMBIGUOUS_CONTEXT	mutserve2	true	true	true	true	true	true	70	38	chrM,chrN_NUMT_05,chrN_NUMT_06,chrN_TRUE_LIKE_01	0	NOT_CALLED	NOT_CALLED	NOT_CALLED
block12_R2_d2000	2	2000	V4_NF	0.075	0.075	VAF_0_05_0_10	NUMT_LIKE	gatk	true	true	true	true	true	true	150	36	chrM,chrN_NUMT_07,chrN_NUMT_08,chrN_TRUE_LIKE_01	0,60	NOT_RETAINED:strand_bias	NOT_CALLED	NOT_RETAINED:FLAGGED_NUMT_EVIDENCE
block12_R2_d2000	2	2000	V4_NF	0.075	0.075	VAF_0_05_0_10	NUMT_LIKE	mutserve2	true	true	true	true	true	true	150	36	chrM,chrN_NUMT_07,chrN_NUMT_08,chrN_TRUE_LIKE_01	0,60	NOT_CALLED	NOT_CALLED	NOT_CALLED
block12_R2_d2000	2	2000	V4_AF	0.075	0.075	VAF_0_05_0_10	AMBIGUOUS_CONTEXT	gatk	true	true	true	true	true	true	150	73	chrM,chrN_NUMT_07,chrN_NUMT_08,chrN_TRUE_AMB_02	0	NOT_RETAINED:strand_bias	NOT_CALLED	NOT_RETAINED:FLAGGED_NUMT_EVIDENCE
block12_R2_d2000	2	2000	V4_AF	0.075	0.075	VAF_0_05_0_10	AMBIGUOUS_CONTEXT	mutserve2	true	true	true	true	true	true	150	73	chrM,chrN_NUMT_07,chrN_NUMT_08,chrN_TRUE_AMB_02	0	NOT_CALLED	NOT_CALLED	NOT_CALLED
block12_R2_d2000	2	2000	V5_NF	0.25	0.25	VAF_0_10_0_50	NUMT_LIKE	gatk	true	true	true	true	true	true	500	119	chrM,chrN_NUMT_09,chrN_NUMT_10,chrN_TRUE_AMB_02	0,60	NOT_RETAINED:strand_bias	NOT_CALLED	NOT_RETAINED:FLAGGED_NUMT_EVIDENCE
block12_R2_d2000	2	2000	V5_NF	0.25	0.25	VAF_0_10_0_50	NUMT_LIKE	mutserve2	true	true	true	true	true	true	500	119	chrM,chrN_NUMT_09,chrN_NUMT_10,chrN_TRUE_AMB_02	0,60	NOT_CALLED	NOT_CALLED	NOT_CALLED
block12_R2_d2000	2	2000	V5_AF	0.25	0.25	VAF_0_10_0_50	AMBIGUOUS_CONTEXT	gatk	true	true	true	true	true	true	500	336	chrM,chrN_NUMT_09,chrN_NUMT_10	0	NOT_RETAINED:strand_bias	NOT_CALLED	NOT_RETAINED:FLAGGED_NUMT_EVIDENCE
block12_R2_d2000	2	2000	V5_AF	0.25	0.25	VAF_0_10_0_50	AMBIGUOUS_CONTEXT	mutserve2	true	true	true	true	true	true	500	336	chrM,chrN_NUMT_09,chrN_NUMT_10	0	NOT_CALLED	NOT_CALLED	NOT_CALLED
block12_R2_d2000	2	2000	V6_NF	0.75	0.75	GT_0_50	NUMT_LIKE	gatk	true	true	true	true	true	true	1500	518	chrM,chrN_NUMT_11,chrN_NUMT_12	0,60	NOT_RETAINED:strand_bias	NOT_CALLED	NOT_RETAINED:FLAGGED_NUMT_EVIDENCE
block12_R2_d2000	2	2000	V6_NF	0.75	0.75	GT_0_50	NUMT_LIKE	mutserve2	true	true	true	true	true	true	1500	518	chrM,chrN_NUMT_11,chrN_NUMT_12	0,60	NOT_CALLED	NOT_CALLED	NOT_CALLED
block12_R2_d2000	2	2000	V6_AF	0.75	0.75	GT_0_50	AMBIGUOUS_CONTEXT	gatk	true	true	true	true	true	true	1500	997	chrM,chrN_NUMT_11,chrN_NUMT_12	0	NOT_RETAINED:strand_bias	NOT_CALLED	NOT_RETAINED:FLAGGED_NUMT_EVIDENCE
block12_R2_d2000	2	2000	V6_AF	0.75	0.75	GT_0_50	AMBIGUOUS_CONTEXT	mutserve2	true	true	true	true	true	true	1500	997	chrM,chrN_NUMT_11,chrN_NUMT_12	0	NOT_CALLED	NOT_CALLED	NOT_CALLED
block12_R2_d5000	2	5000	V1_NF	0.005	0.005	LT_0_01	NUMT_LIKE	gatk	true	true	true	true	true	true	25	11	chrM,chrN_NUMT_01,chrN_NUMT_02	0,60	NOT_RETAINED:strand_bias	NOT_CALLED	NOT_RETAINED:FLAGGED_NUMT_EVIDENCE
block12_R2_d5000	2	5000	V1_NF	0.005	0.005	LT_0_01	NUMT_LIKE	mutserve2	true	true	true	true	true	true	25	11	chrM,chrN_NUMT_01,chrN_NUMT_02	0,60	NOT_CALLED	NOT_CALLED	NOT_CALLED
block12_R2_d5000	2	5000	V1_AF	0.005	0.005	LT_0_01	AMBIGUOUS_CONTEXT	gatk	true	true	true	true	true	true	25	7	chrM,chrN_NUMT_01,chrN_NUMT_02,chrN_NUMT_03,chrN_NUMT_04	0	NOT_RETAINED:strand_bias	NOT_CALLED	NOT_RETAINED:FLAGGED_NUMT_EVIDENCE
block12_R2_d5000	2	5000	V1_AF	0.005	0.005	LT_0_01	AMBIGUOUS_CONTEXT	mutserve2	true	true	true	true	true	true	25	7	chrM,chrN_NUMT_01,chrN_NUMT_02,chrN_NUMT_03,chrN_NUMT_04	0	NOT_CALLED	NOT_CALLED	NOT_CALLED
block12_R2_d5000	2	5000	V2_NF	0.015	0.015	VAF_0_01_0_02	NUMT_LIKE	gatk	true	true	true	true	true	true	75	17	chrM,chrN_NUMT_02,chrN_NUMT_03,chrN_NUMT_04	0,60	NOT_RETAINED:strand_bias	NOT_CALLED	NOT_RETAINED:FLAGGED_NUMT_EVIDENCE
block12_R2_d5000	2	5000	V2_NF	0.015	0.015	VAF_0_01_0_02	NUMT_LIKE	mutserve2	true	true	true	true	true	true	75	17	chrM,chrN_NUMT_02,chrN_NUMT_03,chrN_NUMT_04	0,60	NOT_CALLED	NOT_CALLED	NOT_CALLED
block12_R2_d5000	2	5000	V2_AF	0.015	0.015	VAF_0_01_0_02	AMBIGUOUS_CONTEXT	gatk	true	true	true	true	true	true	75	52	chrM,chrN_NUMT_03,chrN_NUMT_04	0	NOT_RETAINED:strand_bias	NOT_CALLED	NOT_RETAINED:FLAGGED_NUMT_EVIDENCE
block12_R2_d5000	2	5000	V2_AF	0.015	0.015	VAF_0_01_0_02	AMBIGUOUS_CONTEXT	mutserve2	true	true	true	true	true	true	75	52	chrM,chrN_NUMT_03,chrN_NUMT_04	0	NOT_CALLED	NOT_CALLED	NOT_CALLED
block12_R2_d5000	2	5000	V3_NF	0.035	0.035	VAF_0_02_0_05	NUMT_LIKE	gatk	true	true	true	true	true	true	175	57	chrM,chrN_NUMT_05,chrN_NUMT_06	0,60	NOT_RETAINED:strand_bias	NOT_CALLED	NOT_RETAINED:FLAGGED_NUMT_EVIDENCE
block12_R2_d5000	2	5000	V3_NF	0.035	0.035	VAF_0_02_0_05	NUMT_LIKE	mutserve2	true	true	true	true	true	true	175	57	chrM,chrN_NUMT_05,chrN_NUMT_06	0,60	NOT_CALLED	NOT_CALLED	NOT_CALLED
block12_R2_d5000	2	5000	V3_AF	0.035	0.035	VAF_0_02_0_05	AMBIGUOUS_CONTEXT	gatk	true	true	true	true	true	true	175	90	chrM,chrN_NUMT_05,chrN_NUMT_06,chrN_TRUE_LIKE_01	0	NOT_RETAINED:strand_bias	NOT_CALLED	NOT_RETAINED:FLAGGED_NUMT_EVIDENCE
block12_R2_d5000	2	5000	V3_AF	0.035	0.035	VAF_0_02_0_05	AMBIGUOUS_CONTEXT	mutserve2	true	true	true	true	true	true	175	90	chrM,chrN_NUMT_05,chrN_NUMT_06,chrN_TRUE_LIKE_01	0	NOT_CALLED	NOT_CALLED	NOT_CALLED
block12_R2_d5000	2	5000	V4_NF	0.075	0.075	VAF_0_05_0_10	NUMT_LIKE	gatk	true	true	true	true	true	true	375	94	chrM,chrN_NUMT_07,chrN_NUMT_08,chrN_TRUE_LIKE_01	0,60	NOT_RETAINED:strand_bias	NOT_CALLED	NOT_RETAINED:FLAGGED_NUMT_EVIDENCE
block12_R2_d5000	2	5000	V4_NF	0.075	0.075	VAF_0_05_0_10	NUMT_LIKE	mutserve2	true	true	true	true	true	true	375	94	chrM,chrN_NUMT_07,chrN_NUMT_08,chrN_TRUE_LIKE_01	0,60	NOT_CALLED	NOT_CALLED	NOT_CALLED
block12_R2_d5000	2	5000	V4_AF	0.075	0.075	VAF_0_05_0_10	AMBIGUOUS_CONTEXT	gatk	true	true	true	true	true	true	375	183	chrM,chrN_NUMT_07,chrN_NUMT_08,chrN_TRUE_AMB_02	0	NOT_RETAINED:strand_bias	NOT_CALLED	NOT_RETAINED:FLAGGED_NUMT_EVIDENCE
block12_R2_d5000	2	5000	V4_AF	0.075	0.075	VAF_0_05_0_10	AMBIGUOUS_CONTEXT	mutserve2	true	true	true	true	true	true	375	183	chrM,chrN_NUMT_07,chrN_NUMT_08,chrN_TRUE_AMB_02	0	NOT_CALLED	NOT_CALLED	NOT_CALLED
block12_R2_d5000	2	5000	V5_NF	0.25	0.25	VAF_0_10_0_50	NUMT_LIKE	gatk	true	true	true	true	true	true	1250	308	chrM,chrN_NUMT_09,chrN_NUMT_10,chrN_TRUE_AMB_02	0,60	NOT_RETAINED:strand_bias	NOT_CALLED	NOT_RETAINED:FLAGGED_NUMT_EVIDENCE
block12_R2_d5000	2	5000	V5_NF	0.25	0.25	VAF_0_10_0_50	NUMT_LIKE	mutserve2	true	true	true	true	true	true	1250	308	chrM,chrN_NUMT_09,chrN_NUMT_10,chrN_TRUE_AMB_02	0,60	NOT_CALLED	NOT_CALLED	NOT_CALLED
block12_R2_d5000	2	5000	V5_AF	0.25	0.25	VAF_0_10_0_50	AMBIGUOUS_CONTEXT	gatk	true	true	true	true	true	true	1250	832	chrM,chrN_NUMT_09,chrN_NUMT_10	0	NOT_RETAINED:strand_bias	NOT_CALLED	NOT_RETAINED:FLAGGED_NUMT_EVIDENCE
block12_R2_d5000	2	5000	V5_AF	0.25	0.25	VAF_0_10_0_50	AMBIGUOUS_CONTEXT	mutserve2	true	true	true	true	true	true	1250	832	chrM,chrN_NUMT_09,chrN_NUMT_10	0	NOT_CALLED	NOT_CALLED	NOT_CALLED
block12_R2_d5000	2	5000	V6_NF	0.75	0.75	GT_0_50	NUMT_LIKE	gatk	true	true	true	true	true	true	3750	1267	chrM,chrN_NUMT_11,chrN_NUMT_12	0,60	NOT_RETAINED:strand_bias	NOT_CALLED	NOT_RETAINED:FLAGGED_NUMT_EVIDENCE
block12_R2_d5000	2	5000	V6_NF	0.75	0.75	GT_0_50	NUMT_LIKE	mutserve2	true	true	true	true	true	true	3750	1267	chrM,chrN_NUMT_11,chrN_NUMT_12	0,60	NOT_CALLED	NOT_CALLED	NOT_CALLED
block12_R2_d5000	2	5000	V6_AF	0.75	0.75	GT_0_50	AMBIGUOUS_CONTEXT	gatk	true	true	true	true	true	true	3750	2518	chrM,chrN_NUMT_11,chrN_NUMT_12	0	NOT_RETAINED:strand_bias	NOT_CALLED	NOT_RETAINED:FLAGGED_NUMT_EVIDENCE
block12_R2_d5000	2	5000	V6_AF	0.75	0.75	GT_0_50	AMBIGUOUS_CONTEXT	mutserve2	true	true	true	true	true	true	3750	2518	chrM,chrN_NUMT_11,chrN_NUMT_12	0	NOT_CALLED	NOT_CALLED	NOT_CALLED
block12_R3_d100	3	100	V1_NF	0.005	0.01	VAF_0_01_0_02	NUMT_LIKE	gatk	true	true	true	true	false	false	1	0	chrN_NUMT_01,chrN_NUMT_02	0,60	NOT_CALLED	NOT_CALLED	NOT_CALLED
block12_R3_d100	3	100	V1_NF	0.005	0.01	VAF_0_01_0_02	NUMT_LIKE	mutserve2	true	true	true	true	false	false	1	0	chrN_NUMT_01,chrN_NUMT_02	0,60	NOT_CALLED	NOT_CALLED	NOT_CALLED
block12_R3_d100	3	100	V1_AF	0.005	0.01	VAF_0_01_0_02	AMBIGUOUS_CONTEXT	gatk	true	true	true	true	false	false	1	0	chrN_NUMT_02,chrN_NUMT_03	0	NOT_CALLED	NOT_CALLED	NOT_CALLED
block12_R3_d100	3	100	V1_AF	0.005	0.01	VAF_0_01_0_02	AMBIGUOUS_CONTEXT	mutserve2	true	true	true	true	false	false	1	0	chrN_NUMT_02,chrN_NUMT_03	0	NOT_CALLED	NOT_CALLED	NOT_CALLED
block12_R3_d100	3	100	V2_NF	0.015	0.02	VAF_0_02_0_05	NUMT_LIKE	gatk	true	true	true	true	true	true	2	1	chrM,chrN_NUMT_02,chrN_NUMT_03	0,60	NOT_RETAINED:weak_evidence	NOT_CALLED	CALLED_FALSE_SIGNAL
block12_R3_d100	3	100	V2_NF	0.015	0.02	VAF_0_02_0_05	NUMT_LIKE	mutserve2	true	true	true	true	true	true	2	1	chrM,chrN_NUMT_02,chrN_NUMT_03	0,60	NOT_CALLED	NOT_CALLED	NOT_CALLED
block12_R3_d100	3	100	V2_AF	0.015	0.02	VAF_0_02_0_05	AMBIGUOUS_CONTEXT	gatk	true	true	true	true	false	false	2	0	chrN_NUMT_03,chrN_NUMT_04	0	NOT_CALLED	NOT_CALLED	NOT_CALLED
block12_R3_d100	3	100	V2_AF	0.015	0.02	VAF_0_02_0_05	AMBIGUOUS_CONTEXT	mutserve2	true	true	true	true	false	false	2	0	chrN_NUMT_03,chrN_NUMT_04	0	NOT_CALLED	NOT_CALLED	NOT_CALLED
block12_R3_d100	3	100	V3_NF	0.035	0.04	VAF_0_02_0_05	NUMT_LIKE	gatk	true	true	true	true	false	false	4	0	chrN_NUMT_05,chrN_NUMT_06	0,60	NOT_CALLED	NOT_CALLED	NOT_CALLED
block12_R3_d100	3	100	V3_NF	0.035	0.04	VAF_0_02_0_05	NUMT_LIKE	mutserve2	true	true	true	true	false	false	4	0	chrN_NUMT_05,chrN_NUMT_06	0,60	NOT_CALLED	NOT_CALLED	NOT_CALLED
block12_R3_d100	3	100	V3_AF	0.035	0.04	VAF_0_02_0_05	AMBIGUOUS_CONTEXT	gatk	true	true	true	true	true	true	4	2	chrM,chrN_NUMT_05,chrN_NUMT_06	0	CALLED_FALSE_SIGNAL	NOT_CALLED	NOT_RETAINED:FLAGGED_NUMT_EVIDENCE
block12_R3_d100	3	100	V3_AF	0.035	0.04	VAF_0_02_0_05	AMBIGUOUS_CONTEXT	mutserve2	true	true	true	true	true	true	4	2	chrM,chrN_NUMT_05,chrN_NUMT_06	0	NOT_CALLED	NOT_CALLED	NOT_CALLED
block12_R3_d100	3	100	V4_NF	0.075	0.08	VAF_0_05_0_10	NUMT_LIKE	gatk	true	true	true	true	true	true	8	3	chrM,chrN_NUMT_07,chrN_NUMT_08,chrN_TRUE_LIKE_01	0,60	CALLED_FALSE_SIGNAL	NOT_CALLED	NOT_RETAINED:FLAGGED_NUMT_EVIDENCE
block12_R3_d100	3	100	V4_NF	0.075	0.08	VAF_0_05_0_10	NUMT_LIKE	mutserve2	true	true	true	true	true	true	8	3	chrM,chrN_NUMT_07,chrN_NUMT_08,chrN_TRUE_LIKE_01	0,60	NOT_CALLED	NOT_CALLED	NOT_CALLED
block12_R3_d100	3	100	V4_AF	0.075	0.08	VAF_0_05_0_10	AMBIGUOUS_CONTEXT	gatk	true	true	true	true	true	true	8	4	chrM,chrN_NUMT_07,chrN_NUMT_08,chrN_TRUE_AMB_02	0	CALLED_FALSE_SIGNAL	NOT_CALLED	NOT_RETAINED:FLAGGED_NUMT_EVIDENCE
block12_R3_d100	3	100	V4_AF	0.075	0.08	VAF_0_05_0_10	AMBIGUOUS_CONTEXT	mutserve2	true	true	true	true	true	true	8	4	chrM,chrN_NUMT_07,chrN_NUMT_08,chrN_TRUE_AMB_02	0	NOT_CALLED	NOT_CALLED	NOT_CALLED
block12_R3_d100	3	100	V5_NF	0.25	0.25	VAF_0_10_0_50	NUMT_LIKE	gatk	true	true	true	true	true	true	25	8	chrM,chrN_NUMT_09,chrN_NUMT_10,chrN_TRUE_AMB_02	0,60	CALLED_FALSE_SIGNAL	NOT_CALLED	NOT_RETAINED:FLAGGED_NUMT_EVIDENCE
block12_R3_d100	3	100	V5_NF	0.25	0.25	VAF_0_10_0_50	NUMT_LIKE	mutserve2	true	true	true	true	true	true	25	8	chrM,chrN_NUMT_09,chrN_NUMT_10,chrN_TRUE_AMB_02	0,60	NOT_CALLED	NOT_CALLED	NOT_CALLED
block12_R3_d100	3	100	V5_AF	0.25	0.25	VAF_0_10_0_50	AMBIGUOUS_CONTEXT	gatk	true	true	true	true	true	true	25	16	chrM,chrN_NUMT_09,chrN_NUMT_10	0	NOT_RETAINED:strand_bias	NOT_CALLED	NOT_RETAINED:FLAGGED_NUMT_EVIDENCE
block12_R3_d100	3	100	V5_AF	0.25	0.25	VAF_0_10_0_50	AMBIGUOUS_CONTEXT	mutserve2	true	true	true	true	true	true	25	16	chrM,chrN_NUMT_09,chrN_NUMT_10	0	NOT_CALLED	NOT_CALLED	NOT_CALLED
block12_R3_d100	3	100	V6_NF	0.75	0.75	GT_0_50	NUMT_LIKE	gatk	true	true	true	true	true	true	75	24	chrM,chrN_NUMT_11,chrN_NUMT_12	0,60	NOT_RETAINED:strand_bias	NOT_CALLED	NOT_RETAINED:FLAGGED_NUMT_EVIDENCE
block12_R3_d100	3	100	V6_NF	0.75	0.75	GT_0_50	NUMT_LIKE	mutserve2	true	true	true	true	true	true	75	24	chrM,chrN_NUMT_11,chrN_NUMT_12	0,60	NOT_CALLED	NOT_CALLED	NOT_CALLED
block12_R3_d100	3	100	V6_AF	0.75	0.75	GT_0_50	AMBIGUOUS_CONTEXT	gatk	true	true	true	true	true	true	75	54	chrM,chrN_NUMT_11,chrN_NUMT_12	0	NOT_RETAINED:strand_bias	NOT_CALLED	NOT_RETAINED:FLAGGED_NUMT_EVIDENCE
block12_R3_d100	3	100	V6_AF	0.75	0.75	GT_0_50	AMBIGUOUS_CONTEXT	mutserve2	true	true	true	true	true	true	75	54	chrM,chrN_NUMT_11,chrN_NUMT_12	0	NOT_CALLED	NOT_CALLED	NOT_CALLED
block12_R3_d250	3	250	V1_NF	0.005	0.004	LT_0_01	NUMT_LIKE	gatk	true	true	true	true	false	false	1	0	chrN_NUMT_01,chrN_NUMT_02	0,60	NOT_CALLED	NOT_CALLED	NOT_CALLED
block12_R3_d250	3	250	V1_NF	0.005	0.004	LT_0_01	NUMT_LIKE	mutserve2	true	true	true	true	false	false	1	0	chrN_NUMT_01,chrN_NUMT_02	0,60	NOT_CALLED	NOT_CALLED	NOT_CALLED
block12_R3_d250	3	250	V1_AF	0.005	0.004	LT_0_01	AMBIGUOUS_CONTEXT	gatk	true	true	true	true	true	true	1	1	chrM,chrN_NUMT_03	0	NOT_RETAINED:weak_evidence	NOT_CALLED	CALLED_FALSE_SIGNAL
block12_R3_d250	3	250	V1_AF	0.005	0.004	LT_0_01	AMBIGUOUS_CONTEXT	mutserve2	true	true	true	true	true	true	1	1	chrM,chrN_NUMT_03	0	NOT_CALLED	NOT_CALLED	NOT_CALLED
block12_R3_d250	3	250	V2_NF	0.015	0.016	VAF_0_01_0_02	NUMT_LIKE	gatk	true	true	true	true	true	true	4	1	chrM,chrN_NUMT_02,chrN_NUMT_03,chrN_NUMT_04	0,60	NOT_RETAINED:weak_evidence	NOT_CALLED	CALLED_FALSE_SIGNAL
block12_R3_d250	3	250	V2_NF	0.015	0.016	VAF_0_01_0_02	NUMT_LIKE	mutserve2	true	true	true	true	true	true	4	1	chrM,chrN_NUMT_02,chrN_NUMT_03,chrN_NUMT_04	0,60	NOT_CALLED	NOT_CALLED	NOT_CALLED
block12_R3_d250	3	250	V2_AF	0.015	0.016	VAF_0_01_0_02	AMBIGUOUS_CONTEXT	gatk	true	true	true	true	true	true	4	3	chrM,chrN_NUMT_03,chrN_NUMT_04	0	CALLED_FALSE_SIGNAL	NOT_CALLED	NOT_RETAINED:FLAGGED_NUMT_EVIDENCE
block12_R3_d250	3	250	V2_AF	0.015	0.016	VAF_0_01_0_02	AMBIGUOUS_CONTEXT	mutserve2	true	true	true	true	true	true	4	3	chrM,chrN_NUMT_03,chrN_NUMT_04	0	NOT_CALLED	NOT_CALLED	NOT_CALLED
block12_R3_d250	3	250	V3_NF	0.035	0.036	VAF_0_02_0_05	NUMT_LIKE	gatk	true	true	true	true	true	true	9	2	chrM,chrN_NUMT_05,chrN_NUMT_06	0,60	CALLED_FALSE_SIGNAL	NOT_CALLED	NOT_RETAINED:FLAGGED_NUMT_EVIDENCE
block12_R3_d250	3	250	V3_NF	0.035	0.036	VAF_0_02_0_05	NUMT_LIKE	mutserve2	true	true	true	true	true	true	9	2	chrM,chrN_NUMT_05,chrN_NUMT_06	0,60	NOT_CALLED	NOT_CALLED	NOT_CALLED
block12_R3_d250	3	250	V3_AF	0.035	0.036	VAF_0_02_0_05	AMBIGUOUS_CONTEXT	gatk	true	true	true	true	true	true	9	3	chrM,chrN_NUMT_05,chrN_NUMT_06,chrN_TRUE_LIKE_01	0	CALLED_FALSE_SIGNAL	NOT_CALLED	NOT_RETAINED:FLAGGED_NUMT_EVIDENCE
block12_R3_d250	3	250	V3_AF	0.035	0.036	VAF_0_02_0_05	AMBIGUOUS_CONTEXT	mutserve2	true	true	true	true	true	true	9	3	chrM,chrN_NUMT_05,chrN_NUMT_06,chrN_TRUE_LIKE_01	0	NOT_CALLED	NOT_CALLED	NOT_CALLED
block12_R3_d250	3	250	V4_NF	0.075	0.076	VAF_0_05_0_10	NUMT_LIKE	gatk	true	true	true	true	true	true	19	6	chrM,chrN_NUMT_07,chrN_NUMT_08,chrN_TRUE_LIKE_01	0,60	CALLED_FALSE_SIGNAL	NOT_CALLED	NOT_RETAINED:FLAGGED_NUMT_EVIDENCE
block12_R3_d250	3	250	V4_NF	0.075	0.076	VAF_0_05_0_10	NUMT_LIKE	mutserve2	true	true	true	true	true	true	19	6	chrM,chrN_NUMT_07,chrN_NUMT_08,chrN_TRUE_LIKE_01	0,60	NOT_CALLED	NOT_CALLED	NOT_CALLED
block12_R3_d250	3	250	V4_AF	0.075	0.076	VAF_0_05_0_10	AMBIGUOUS_CONTEXT	gatk	true	true	true	true	true	true	19	10	chrM,chrN_NUMT_07,chrN_NUMT_08,chrN_TRUE_AMB_02	0	NOT_RETAINED:strand_bias	NOT_CALLED	NOT_RETAINED:FLAGGED_NUMT_EVIDENCE
block12_R3_d250	3	250	V4_AF	0.075	0.076	VAF_0_05_0_10	AMBIGUOUS_CONTEXT	mutserve2	true	true	true	true	true	true	19	10	chrM,chrN_NUMT_07,chrN_NUMT_08,chrN_TRUE_AMB_02	0	NOT_CALLED	NOT_CALLED	NOT_CALLED
block12_R3_d250	3	250	V5_NF	0.25	0.252	VAF_0_10_0_50	NUMT_LIKE	gatk	true	true	true	true	true	true	63	15	chrM,chrN_NUMT_09,chrN_NUMT_10,chrN_TRUE_AMB_02	0,60	NOT_RETAINED:strand_bias	NOT_CALLED	NOT_RETAINED:FLAGGED_NUMT_EVIDENCE
block12_R3_d250	3	250	V5_NF	0.25	0.252	VAF_0_10_0_50	NUMT_LIKE	mutserve2	true	true	true	true	true	true	63	15	chrM,chrN_NUMT_09,chrN_NUMT_10,chrN_TRUE_AMB_02	0,60	NOT_CALLED	NOT_CALLED	NOT_CALLED
block12_R3_d250	3	250	V5_AF	0.25	0.252	VAF_0_10_0_50	AMBIGUOUS_CONTEXT	gatk	true	true	true	true	true	true	63	42	chrM,chrN_NUMT_09,chrN_NUMT_10	0	NOT_RETAINED:strand_bias	NOT_CALLED	NOT_RETAINED:FLAGGED_NUMT_EVIDENCE
block12_R3_d250	3	250	V5_AF	0.25	0.252	VAF_0_10_0_50	AMBIGUOUS_CONTEXT	mutserve2	true	true	true	true	true	true	63	42	chrM,chrN_NUMT_09,chrN_NUMT_10	0	NOT_CALLED	NOT_CALLED	NOT_CALLED
block12_R3_d250	3	250	V6_NF	0.75	0.752	GT_0_50	NUMT_LIKE	gatk	true	true	true	true	true	true	188	61	chrM,chrN_NUMT_11,chrN_NUMT_12	0,60	NOT_RETAINED:strand_bias	NOT_CALLED	NOT_RETAINED:FLAGGED_NUMT_EVIDENCE
block12_R3_d250	3	250	V6_NF	0.75	0.752	GT_0_50	NUMT_LIKE	mutserve2	true	true	true	true	true	true	188	61	chrM,chrN_NUMT_11,chrN_NUMT_12	0,60	NOT_CALLED	NOT_CALLED	NOT_CALLED
block12_R3_d250	3	250	V6_AF	0.75	0.752	GT_0_50	AMBIGUOUS_CONTEXT	gatk	true	true	true	true	true	true	188	123	chrM,chrN_NUMT_11,chrN_NUMT_12	0	NOT_RETAINED:strand_bias	NOT_CALLED	NOT_RETAINED:FLAGGED_NUMT_EVIDENCE
block12_R3_d250	3	250	V6_AF	0.75	0.752	GT_0_50	AMBIGUOUS_CONTEXT	mutserve2	true	true	true	true	true	true	188	123	chrM,chrN_NUMT_11,chrN_NUMT_12	0	NOT_CALLED	NOT_CALLED	NOT_CALLED
block12_R3_d500	3	500	V1_NF	0.005	0.006	LT_0_01	NUMT_LIKE	gatk	true	true	true	true	false	false	3	0	chrN_NUMT_01,chrN_NUMT_02	0,60	NOT_CALLED	NOT_CALLED	NOT_CALLED
block12_R3_d500	3	500	V1_NF	0.005	0.006	LT_0_01	NUMT_LIKE	mutserve2	true	true	true	true	false	false	3	0	chrN_NUMT_01,chrN_NUMT_02	0,60	NOT_CALLED	NOT_CALLED	NOT_CALLED
block12_R3_d500	3	500	V1_AF	0.005	0.006	LT_0_01	AMBIGUOUS_CONTEXT	gatk	true	true	true	true	true	true	3	1	chrM,chrN_NUMT_01,chrN_NUMT_02,chrN_NUMT_03,chrN_NUMT_04	0	NOT_CALLED	NOT_CALLED	NOT_CALLED
block12_R3_d500	3	500	V1_AF	0.005	0.006	LT_0_01	AMBIGUOUS_CONTEXT	mutserve2	true	true	true	true	true	true	3	1	chrM,chrN_NUMT_01,chrN_NUMT_02,chrN_NUMT_03,chrN_NUMT_04	0	NOT_CALLED	NOT_CALLED	NOT_CALLED
block12_R3_d500	3	500	V2_NF	0.015	0.016	VAF_0_01_0_02	NUMT_LIKE	gatk	true	true	true	true	true	true	8	4	chrM,chrN_NUMT_02,chrN_NUMT_03,chrN_NUMT_04	0,60	CALLED_FALSE_SIGNAL	NOT_CALLED	NOT_RETAINED:FLAGGED_NUMT_EVIDENCE
block12_R3_d500	3	500	V2_NF	0.015	0.016	VAF_0_01_0_02	NUMT_LIKE	mutserve2	true	true	true	true	true	true	8	4	chrM,chrN_NUMT_02,chrN_NUMT_03,chrN_NUMT_04	0,60	NOT_CALLED	NOT_CALLED	NOT_CALLED
block12_R3_d500	3	500	V2_AF	0.015	0.016	VAF_0_01_0_02	AMBIGUOUS_CONTEXT	gatk	true	true	true	true	true	true	8	7	chrM,chrN_NUMT_03,chrN_NUMT_04	0	NOT_RETAINED:strand_bias	NOT_CALLED	NOT_RETAINED:FLAGGED_NUMT_EVIDENCE
block12_R3_d500	3	500	V2_AF	0.015	0.016	VAF_0_01_0_02	AMBIGUOUS_CONTEXT	mutserve2	true	true	true	true	true	true	8	7	chrM,chrN_NUMT_03,chrN_NUMT_04	0	NOT_CALLED	NOT_CALLED	NOT_CALLED
block12_R3_d500	3	500	V3_NF	0.035	0.036	VAF_0_02_0_05	NUMT_LIKE	gatk	true	true	true	true	true	true	18	4	chrM,chrN_NUMT_05,chrN_NUMT_06	0,60	CALLED_FALSE_SIGNAL	NOT_CALLED	NOT_RETAINED:FLAGGED_NUMT_EVIDENCE
block12_R3_d500	3	500	V3_NF	0.035	0.036	VAF_0_02_0_05	NUMT_LIKE	mutserve2	true	true	true	true	true	true	18	4	chrM,chrN_NUMT_05,chrN_NUMT_06	0,60	NOT_CALLED	NOT_CALLED	NOT_CALLED
block12_R3_d500	3	500	V3_AF	0.035	0.036	VAF_0_02_0_05	AMBIGUOUS_CONTEXT	gatk	true	true	true	true	true	true	18	9	chrM,chrN_NUMT_05,chrN_NUMT_06,chrN_TRUE_LIKE_01	0	NOT_RETAINED:strand_bias	NOT_CALLED	NOT_RETAINED:FLAGGED_NUMT_EVIDENCE
block12_R3_d500	3	500	V3_AF	0.035	0.036	VAF_0_02_0_05	AMBIGUOUS_CONTEXT	mutserve2	true	true	true	true	true	true	18	9	chrM,chrN_NUMT_05,chrN_NUMT_06,chrN_TRUE_LIKE_01	0	NOT_CALLED	NOT_CALLED	NOT_CALLED
block12_R3_d500	3	500	V4_NF	0.075	0.076	VAF_0_05_0_10	NUMT_LIKE	gatk	true	true	true	true	true	true	38	10	chrM,chrN_NUMT_07,chrN_NUMT_08,chrN_TRUE_LIKE_01	0,60	NOT_RETAINED:strand_bias	NOT_CALLED	NOT_RETAINED:FLAGGED_NUMT_EVIDENCE
block12_R3_d500	3	500	V4_NF	0.075	0.076	VAF_0_05_0_10	NUMT_LIKE	mutserve2	true	true	true	true	true	true	38	10	chrM,chrN_NUMT_07,chrN_NUMT_08,chrN_TRUE_LIKE_01	0,60	NOT_CALLED	NOT_CALLED	NOT_CALLED
block12_R3_d500	3	500	V4_AF	0.075	0.076	VAF_0_05_0_10	AMBIGUOUS_CONTEXT	gatk	true	true	true	true	true	true	38	19	chrM,chrN_NUMT_07,chrN_NUMT_08,chrN_TRUE_AMB_02	0	NOT_RETAINED:strand_bias	NOT_CALLED	NOT_RETAINED:FLAGGED_NUMT_EVIDENCE
block12_R3_d500	3	500	V4_AF	0.075	0.076	VAF_0_05_0_10	AMBIGUOUS_CONTEXT	mutserve2	true	true	true	true	true	true	38	19	chrM,chrN_NUMT_07,chrN_NUMT_08,chrN_TRUE_AMB_02	0	NOT_CALLED	NOT_CALLED	NOT_CALLED
block12_R3_d500	3	500	V5_NF	0.25	0.25	VAF_0_10_0_50	NUMT_LIKE	gatk	true	true	true	true	true	true	125	27	chrM,chrN_NUMT_09,chrN_NUMT_10,chrN_TRUE_AMB_02	0,60	NOT_RETAINED:strand_bias	NOT_CALLED	NOT_RETAINED:FLAGGED_NUMT_EVIDENCE
block12_R3_d500	3	500	V5_NF	0.25	0.25	VAF_0_10_0_50	NUMT_LIKE	mutserve2	true	true	true	true	true	true	125	27	chrM,chrN_NUMT_09,chrN_NUMT_10,chrN_TRUE_AMB_02	0,60	NOT_CALLED	NOT_CALLED	NOT_CALLED
block12_R3_d500	3	500	V5_AF	0.25	0.25	VAF_0_10_0_50	AMBIGUOUS_CONTEXT	gatk	true	true	true	true	true	true	125	79	chrM,chrN_NUMT_09,chrN_NUMT_10	0	NOT_RETAINED:strand_bias	NOT_CALLED	NOT_RETAINED:FLAGGED_NUMT_EVIDENCE
block12_R3_d500	3	500	V5_AF	0.25	0.25	VAF_0_10_0_50	AMBIGUOUS_CONTEXT	mutserve2	true	true	true	true	true	true	125	79	chrM,chrN_NUMT_09,chrN_NUMT_10	0	NOT_CALLED	NOT_CALLED	NOT_CALLED
block12_R3_d500	3	500	V6_NF	0.75	0.75	GT_0_50	NUMT_LIKE	gatk	true	true	true	true	true	true	375	126	chrM,chrN_NUMT_11,chrN_NUMT_12	0,60	NOT_RETAINED:strand_bias	NOT_CALLED	NOT_RETAINED:FLAGGED_NUMT_EVIDENCE
block12_R3_d500	3	500	V6_NF	0.75	0.75	GT_0_50	NUMT_LIKE	mutserve2	true	true	true	true	true	true	375	126	chrM,chrN_NUMT_11,chrN_NUMT_12	0,60	NOT_CALLED	NOT_CALLED	NOT_CALLED
block12_R3_d500	3	500	V6_AF	0.75	0.75	GT_0_50	AMBIGUOUS_CONTEXT	gatk	true	true	true	true	true	true	375	241	chrM,chrN_NUMT_11,chrN_NUMT_12	0	NOT_RETAINED:strand_bias	NOT_CALLED	NOT_RETAINED:FLAGGED_NUMT_EVIDENCE
block12_R3_d500	3	500	V6_AF	0.75	0.75	GT_0_50	AMBIGUOUS_CONTEXT	mutserve2	true	true	true	true	true	true	375	241	chrM,chrN_NUMT_11,chrN_NUMT_12	0	NOT_CALLED	NOT_CALLED	NOT_CALLED
block12_R3_d1000	3	1000	V1_NF	0.005	0.005	LT_0_01	NUMT_LIKE	gatk	true	true	true	true	true	true	5	3	chrM,chrN_NUMT_01,chrN_NUMT_02	0,60	NOT_RETAINED:strand_bias;weak_evidence	NOT_CALLED	NOT_RETAINED:FLAGGED_NUMT_EVIDENCE
block12_R3_d1000	3	1000	V1_NF	0.005	0.005	LT_0_01	NUMT_LIKE	mutserve2	true	true	true	true	true	true	5	3	chrM,chrN_NUMT_01,chrN_NUMT_02	0,60	NOT_CALLED	NOT_CALLED	NOT_CALLED
block12_R3_d1000	3	1000	V1_AF	0.005	0.005	LT_0_01	AMBIGUOUS_CONTEXT	gatk	true	true	true	true	true	true	5	3	chrM,chrN_NUMT_01,chrN_NUMT_02,chrN_NUMT_03,chrN_NUMT_04	0	CALLED_FALSE_SIGNAL	NOT_CALLED	NOT_RETAINED:FLAGGED_NUMT_EVIDENCE
block12_R3_d1000	3	1000	V1_AF	0.005	0.005	LT_0_01	AMBIGUOUS_CONTEXT	mutserve2	true	true	true	true	true	true	5	3	chrM,chrN_NUMT_01,chrN_NUMT_02,chrN_NUMT_03,chrN_NUMT_04	0	NOT_CALLED	NOT_CALLED	NOT_CALLED
block12_R3_d1000	3	1000	V2_NF	0.015	0.015	VAF_0_01_0_02	NUMT_LIKE	gatk	true	true	true	true	true	true	15	2	chrM,chrN_NUMT_02,chrN_NUMT_03,chrN_NUMT_04	0,60	NOT_RETAINED:weak_evidence	NOT_CALLED	NOT_RETAINED:FLAGGED_NUMT_EVIDENCE
block12_R3_d1000	3	1000	V2_NF	0.015	0.015	VAF_0_01_0_02	NUMT_LIKE	mutserve2	true	true	true	true	true	true	15	2	chrM,chrN_NUMT_02,chrN_NUMT_03,chrN_NUMT_04	0,60	NOT_CALLED	NOT_CALLED	NOT_CALLED
block12_R3_d1000	3	1000	V2_AF	0.015	0.015	VAF_0_01_0_02	AMBIGUOUS_CONTEXT	gatk	true	true	true	true	true	true	15	10	chrM,chrN_NUMT_03,chrN_NUMT_04	0	NOT_RETAINED:strand_bias	NOT_CALLED	NOT_RETAINED:FLAGGED_NUMT_EVIDENCE
block12_R3_d1000	3	1000	V2_AF	0.015	0.015	VAF_0_01_0_02	AMBIGUOUS_CONTEXT	mutserve2	true	true	true	true	true	true	15	10	chrM,chrN_NUMT_03,chrN_NUMT_04	0	NOT_CALLED	NOT_CALLED	NOT_CALLED
block12_R3_d1000	3	1000	V3_NF	0.035	0.035	VAF_0_02_0_05	NUMT_LIKE	gatk	true	true	true	true	true	true	35	13	chrM,chrN_NUMT_05,chrN_NUMT_06	0,60	NOT_RETAINED:strand_bias	NOT_CALLED	NOT_RETAINED:FLAGGED_NUMT_EVIDENCE
block12_R3_d1000	3	1000	V3_NF	0.035	0.035	VAF_0_02_0_05	NUMT_LIKE	mutserve2	true	true	true	true	true	true	35	13	chrM,chrN_NUMT_05,chrN_NUMT_06	0,60	NOT_CALLED	NOT_CALLED	NOT_CALLED
block12_R3_d1000	3	1000	V3_AF	0.035	0.035	VAF_0_02_0_05	AMBIGUOUS_CONTEXT	gatk	true	true	true	true	true	true	35	18	chrM,chrN_NUMT_05,chrN_NUMT_06,chrN_TRUE_LIKE_01	0	NOT_RETAINED:strand_bias	NOT_CALLED	NOT_RETAINED:FLAGGED_NUMT_EVIDENCE
block12_R3_d1000	3	1000	V3_AF	0.035	0.035	VAF_0_02_0_05	AMBIGUOUS_CONTEXT	mutserve2	true	true	true	true	true	true	35	18	chrM,chrN_NUMT_05,chrN_NUMT_06,chrN_TRUE_LIKE_01	0	NOT_CALLED	NOT_CALLED	NOT_CALLED
block12_R3_d1000	3	1000	V4_NF	0.075	0.075	VAF_0_05_0_10	NUMT_LIKE	gatk	true	true	true	true	true	true	75	20	chrM,chrN_NUMT_07,chrN_NUMT_08,chrN_TRUE_LIKE_01	0,60	NOT_RETAINED:strand_bias	NOT_CALLED	NOT_RETAINED:FLAGGED_NUMT_EVIDENCE
block12_R3_d1000	3	1000	V4_NF	0.075	0.075	VAF_0_05_0_10	NUMT_LIKE	mutserve2	true	true	true	true	true	true	75	20	chrM,chrN_NUMT_07,chrN_NUMT_08,chrN_TRUE_LIKE_01	0,60	NOT_CALLED	NOT_CALLED	NOT_CALLED
block12_R3_d1000	3	1000	V4_AF	0.075	0.075	VAF_0_05_0_10	AMBIGUOUS_CONTEXT	gatk	true	true	true	true	true	true	75	36	chrM,chrN_NUMT_07,chrN_NUMT_08,chrN_TRUE_AMB_02	0	NOT_RETAINED:strand_bias	NOT_CALLED	NOT_RETAINED:FLAGGED_NUMT_EVIDENCE
block12_R3_d1000	3	1000	V4_AF	0.075	0.075	VAF_0_05_0_10	AMBIGUOUS_CONTEXT	mutserve2	true	true	true	true	true	true	75	36	chrM,chrN_NUMT_07,chrN_NUMT_08,chrN_TRUE_AMB_02	0	NOT_CALLED	NOT_CALLED	NOT_CALLED
block12_R3_d1000	3	1000	V5_NF	0.25	0.25	VAF_0_10_0_50	NUMT_LIKE	gatk	true	true	true	true	true	true	250	61	chrM,chrN_NUMT_09,chrN_NUMT_10,chrN_TRUE_AMB_02	0,60	NOT_RETAINED:strand_bias	NOT_CALLED	NOT_RETAINED:FLAGGED_NUMT_EVIDENCE
block12_R3_d1000	3	1000	V5_NF	0.25	0.25	VAF_0_10_0_50	NUMT_LIKE	mutserve2	true	true	true	true	true	true	250	61	chrM,chrN_NUMT_09,chrN_NUMT_10,chrN_TRUE_AMB_02	0,60	NOT_CALLED	NOT_CALLED	NOT_CALLED
block12_R3_d1000	3	1000	V5_AF	0.25	0.25	VAF_0_10_0_50	AMBIGUOUS_CONTEXT	gatk	true	true	true	true	true	true	250	170	chrM,chrN_NUMT_09,chrN_NUMT_10	0	NOT_RETAINED:strand_bias	NOT_CALLED	NOT_RETAINED:FLAGGED_NUMT_EVIDENCE
block12_R3_d1000	3	1000	V5_AF	0.25	0.25	VAF_0_10_0_50	AMBIGUOUS_CONTEXT	mutserve2	true	true	true	true	true	true	250	170	chrM,chrN_NUMT_09,chrN_NUMT_10	0	NOT_CALLED	NOT_CALLED	NOT_CALLED
block12_R3_d1000	3	1000	V6_NF	0.75	0.75	GT_0_50	NUMT_LIKE	gatk	true	true	true	true	true	true	750	253	chrM,chrN_NUMT_11,chrN_NUMT_12	0,60	NOT_RETAINED:strand_bias	NOT_CALLED	NOT_RETAINED:FLAGGED_NUMT_EVIDENCE
block12_R3_d1000	3	1000	V6_NF	0.75	0.75	GT_0_50	NUMT_LIKE	mutserve2	true	true	true	true	true	true	750	253	chrM,chrN_NUMT_11,chrN_NUMT_12	0,60	NOT_CALLED	NOT_CALLED	NOT_CALLED
block12_R3_d1000	3	1000	V6_AF	0.75	0.75	GT_0_50	AMBIGUOUS_CONTEXT	gatk	true	true	true	true	true	true	750	506	chrM,chrN_NUMT_11,chrN_NUMT_12	0	NOT_RETAINED:strand_bias	NOT_CALLED	NOT_RETAINED:FLAGGED_NUMT_EVIDENCE
block12_R3_d1000	3	1000	V6_AF	0.75	0.75	GT_0_50	AMBIGUOUS_CONTEXT	mutserve2	true	true	true	true	true	true	750	506	chrM,chrN_NUMT_11,chrN_NUMT_12	0	NOT_CALLED	NOT_CALLED	NOT_CALLED
block12_R3_d2000	3	2000	V1_NF	0.005	0.005	LT_0_01	NUMT_LIKE	gatk	true	true	true	true	true	true	10	6	chrM,chrN_NUMT_01,chrN_NUMT_02	0,60	NOT_RETAINED:strand_bias	NOT_CALLED	NOT_RETAINED:FLAGGED_NUMT_EVIDENCE
block12_R3_d2000	3	2000	V1_NF	0.005	0.005	LT_0_01	NUMT_LIKE	mutserve2	true	true	true	true	true	true	10	6	chrM,chrN_NUMT_01,chrN_NUMT_02	0,60	NOT_CALLED	NOT_CALLED	NOT_CALLED
block12_R3_d2000	3	2000	V1_AF	0.005	0.005	LT_0_01	AMBIGUOUS_CONTEXT	gatk	true	true	true	true	true	true	10	4	chrM,chrN_NUMT_01,chrN_NUMT_02,chrN_NUMT_03,chrN_NUMT_04	0	NOT_RETAINED:strand_bias;weak_evidence	NOT_CALLED	NOT_RETAINED:FLAGGED_NUMT_EVIDENCE
block12_R3_d2000	3	2000	V1_AF	0.005	0.005	LT_0_01	AMBIGUOUS_CONTEXT	mutserve2	true	true	true	true	true	true	10	4	chrM,chrN_NUMT_01,chrN_NUMT_02,chrN_NUMT_03,chrN_NUMT_04	0	NOT_CALLED	NOT_CALLED	NOT_CALLED
block12_R3_d2000	3	2000	V2_NF	0.015	0.015	VAF_0_01_0_02	NUMT_LIKE	gatk	true	true	true	true	true	true	30	8	chrM,chrN_NUMT_02,chrN_NUMT_03,chrN_NUMT_04	0,60	NOT_RETAINED:strand_bias	NOT_CALLED	NOT_RETAINED:FLAGGED_NUMT_EVIDENCE
block12_R3_d2000	3	2000	V2_NF	0.015	0.015	VAF_0_01_0_02	NUMT_LIKE	mutserve2	true	true	true	true	true	true	30	8	chrM,chrN_NUMT_02,chrN_NUMT_03,chrN_NUMT_04	0,60	NOT_CALLED	NOT_CALLED	NOT_CALLED
block12_R3_d2000	3	2000	V2_AF	0.015	0.015	VAF_0_01_0_02	AMBIGUOUS_CONTEXT	gatk	true	true	true	true	true	true	30	18	chrM,chrN_NUMT_03,chrN_NUMT_04	0	NOT_RETAINED:strand_bias	NOT_CALLED	NOT_RETAINED:FLAGGED_NUMT_EVIDENCE
block12_R3_d2000	3	2000	V2_AF	0.015	0.015	VAF_0_01_0_02	AMBIGUOUS_CONTEXT	mutserve2	true	true	true	true	true	true	30	18	chrM,chrN_NUMT_03,chrN_NUMT_04	0	NOT_CALLED	NOT_CALLED	NOT_CALLED
block12_R3_d2000	3	2000	V3_NF	0.035	0.035	VAF_0_02_0_05	NUMT_LIKE	gatk	true	true	true	true	true	true	70	17	chrM,chrN_NUMT_05,chrN_NUMT_06	0,60	NOT_RETAINED:strand_bias	NOT_CALLED	NOT_RETAINED:FLAGGED_NUMT_EVIDENCE
block12_R3_d2000	3	2000	V3_NF	0.035	0.035	VAF_0_02_0_05	NUMT_LIKE	mutserve2	true	true	true	true	true	true	70	17	chrM,chrN_NUMT_05,chrN_NUMT_06	0,60	NOT_CALLED	NOT_CALLED	NOT_CALLED
block12_R3_d2000	3	2000	V3_AF	0.035	0.035	VAF_0_02_0_05	AMBIGUOUS_CONTEXT	gatk	true	true	true	true	true	true	70	38	chrM,chrN_NUMT_05,chrN_NUMT_06,chrN_TRUE_LIKE_01	0	NOT_RETAINED:strand_bias	NOT_CALLED	NOT_RETAINED:FLAGGED_NUMT_EVIDENCE
block12_R3_d2000	3	2000	V3_AF	0.035	0.035	VAF_0_02_0_05	AMBIGUOUS_CONTEXT	mutserve2	true	true	true	true	true	true	70	38	chrM,chrN_NUMT_05,chrN_NUMT_06,chrN_TRUE_LIKE_01	0	NOT_CALLED	NOT_CALLED	NOT_CALLED
block12_R3_d2000	3	2000	V4_NF	0.075	0.075	VAF_0_05_0_10	NUMT_LIKE	gatk	true	true	true	true	true	true	150	36	chrM,chrN_NUMT_07,chrN_NUMT_08,chrN_TRUE_LIKE_01	0,60	NOT_RETAINED:strand_bias	NOT_CALLED	NOT_RETAINED:FLAGGED_NUMT_EVIDENCE
block12_R3_d2000	3	2000	V4_NF	0.075	0.075	VAF_0_05_0_10	NUMT_LIKE	mutserve2	true	true	true	true	true	true	150	36	chrM,chrN_NUMT_07,chrN_NUMT_08,chrN_TRUE_LIKE_01	0,60	NOT_CALLED	NOT_CALLED	NOT_CALLED
block12_R3_d2000	3	2000	V4_AF	0.075	0.075	VAF_0_05_0_10	AMBIGUOUS_CONTEXT	gatk	true	true	true	true	true	true	150	73	chrM,chrN_NUMT_07,chrN_NUMT_08,chrN_TRUE_AMB_02	0	NOT_RETAINED:strand_bias	NOT_CALLED	NOT_RETAINED:FLAGGED_NUMT_EVIDENCE
block12_R3_d2000	3	2000	V4_AF	0.075	0.075	VAF_0_05_0_10	AMBIGUOUS_CONTEXT	mutserve2	true	true	true	true	true	true	150	73	chrM,chrN_NUMT_07,chrN_NUMT_08,chrN_TRUE_AMB_02	0	NOT_CALLED	NOT_CALLED	NOT_CALLED
block12_R3_d2000	3	2000	V5_NF	0.25	0.25	VAF_0_10_0_50	NUMT_LIKE	gatk	true	true	true	true	true	true	500	119	chrM,chrN_NUMT_09,chrN_NUMT_10,chrN_TRUE_AMB_02	0,60	NOT_RETAINED:strand_bias	NOT_CALLED	NOT_RETAINED:FLAGGED_NUMT_EVIDENCE
block12_R3_d2000	3	2000	V5_NF	0.25	0.25	VAF_0_10_0_50	NUMT_LIKE	mutserve2	true	true	true	true	true	true	500	119	chrM,chrN_NUMT_09,chrN_NUMT_10,chrN_TRUE_AMB_02	0,60	NOT_CALLED	NOT_CALLED	NOT_CALLED
block12_R3_d2000	3	2000	V5_AF	0.25	0.25	VAF_0_10_0_50	AMBIGUOUS_CONTEXT	gatk	true	true	true	true	true	true	500	336	chrM,chrN_NUMT_09,chrN_NUMT_10	0	NOT_RETAINED:strand_bias	NOT_CALLED	NOT_RETAINED:FLAGGED_NUMT_EVIDENCE
block12_R3_d2000	3	2000	V5_AF	0.25	0.25	VAF_0_10_0_50	AMBIGUOUS_CONTEXT	mutserve2	true	true	true	true	true	true	500	336	chrM,chrN_NUMT_09,chrN_NUMT_10	0	NOT_CALLED	NOT_CALLED	NOT_CALLED
block12_R3_d2000	3	2000	V6_NF	0.75	0.75	GT_0_50	NUMT_LIKE	gatk	true	true	true	true	true	true	1500	518	chrM,chrN_NUMT_11,chrN_NUMT_12	0,60	NOT_RETAINED:strand_bias	NOT_CALLED	NOT_RETAINED:FLAGGED_NUMT_EVIDENCE
block12_R3_d2000	3	2000	V6_NF	0.75	0.75	GT_0_50	NUMT_LIKE	mutserve2	true	true	true	true	true	true	1500	518	chrM,chrN_NUMT_11,chrN_NUMT_12	0,60	NOT_CALLED	NOT_CALLED	NOT_CALLED
block12_R3_d2000	3	2000	V6_AF	0.75	0.75	GT_0_50	AMBIGUOUS_CONTEXT	gatk	true	true	true	true	true	true	1500	997	chrM,chrN_NUMT_11,chrN_NUMT_12	0	NOT_RETAINED:strand_bias	NOT_CALLED	NOT_RETAINED:FLAGGED_NUMT_EVIDENCE
block12_R3_d2000	3	2000	V6_AF	0.75	0.75	GT_0_50	AMBIGUOUS_CONTEXT	mutserve2	true	true	true	true	true	true	1500	997	chrM,chrN_NUMT_11,chrN_NUMT_12	0	NOT_CALLED	NOT_CALLED	NOT_CALLED
block12_R3_d5000	3	5000	V1_NF	0.005	0.005	LT_0_01	NUMT_LIKE	gatk	true	true	true	true	true	true	25	11	chrM,chrN_NUMT_01,chrN_NUMT_02	0,60	NOT_RETAINED:strand_bias	NOT_CALLED	NOT_RETAINED:FLAGGED_NUMT_EVIDENCE
block12_R3_d5000	3	5000	V1_NF	0.005	0.005	LT_0_01	NUMT_LIKE	mutserve2	true	true	true	true	true	true	25	11	chrM,chrN_NUMT_01,chrN_NUMT_02	0,60	NOT_CALLED	NOT_CALLED	NOT_CALLED
block12_R3_d5000	3	5000	V1_AF	0.005	0.005	LT_0_01	AMBIGUOUS_CONTEXT	gatk	true	true	true	true	true	true	25	7	chrM,chrN_NUMT_01,chrN_NUMT_02,chrN_NUMT_03,chrN_NUMT_04	0	NOT_RETAINED:strand_bias	NOT_CALLED	NOT_RETAINED:FLAGGED_NUMT_EVIDENCE
block12_R3_d5000	3	5000	V1_AF	0.005	0.005	LT_0_01	AMBIGUOUS_CONTEXT	mutserve2	true	true	true	true	true	true	25	7	chrM,chrN_NUMT_01,chrN_NUMT_02,chrN_NUMT_03,chrN_NUMT_04	0	NOT_CALLED	NOT_CALLED	NOT_CALLED
block12_R3_d5000	3	5000	V2_NF	0.015	0.015	VAF_0_01_0_02	NUMT_LIKE	gatk	true	true	true	true	true	true	75	17	chrM,chrN_NUMT_02,chrN_NUMT_03,chrN_NUMT_04	0,60	NOT_RETAINED:strand_bias	NOT_CALLED	NOT_RETAINED:FLAGGED_NUMT_EVIDENCE
block12_R3_d5000	3	5000	V2_NF	0.015	0.015	VAF_0_01_0_02	NUMT_LIKE	mutserve2	true	true	true	true	true	true	75	17	chrM,chrN_NUMT_02,chrN_NUMT_03,chrN_NUMT_04	0,60	NOT_CALLED	NOT_CALLED	NOT_CALLED
block12_R3_d5000	3	5000	V2_AF	0.015	0.015	VAF_0_01_0_02	AMBIGUOUS_CONTEXT	gatk	true	true	true	true	true	true	75	52	chrM,chrN_NUMT_03,chrN_NUMT_04	0	NOT_RETAINED:strand_bias	NOT_CALLED	NOT_RETAINED:FLAGGED_NUMT_EVIDENCE
block12_R3_d5000	3	5000	V2_AF	0.015	0.015	VAF_0_01_0_02	AMBIGUOUS_CONTEXT	mutserve2	true	true	true	true	true	true	75	52	chrM,chrN_NUMT_03,chrN_NUMT_04	0	NOT_CALLED	NOT_CALLED	NOT_CALLED
block12_R3_d5000	3	5000	V3_NF	0.035	0.035	VAF_0_02_0_05	NUMT_LIKE	gatk	true	true	true	true	true	true	175	57	chrM,chrN_NUMT_05,chrN_NUMT_06	0,60	NOT_RETAINED:strand_bias	NOT_CALLED	NOT_RETAINED:FLAGGED_NUMT_EVIDENCE
block12_R3_d5000	3	5000	V3_NF	0.035	0.035	VAF_0_02_0_05	NUMT_LIKE	mutserve2	true	true	true	true	true	true	175	57	chrM,chrN_NUMT_05,chrN_NUMT_06	0,60	NOT_CALLED	NOT_CALLED	NOT_CALLED
block12_R3_d5000	3	5000	V3_AF	0.035	0.035	VAF_0_02_0_05	AMBIGUOUS_CONTEXT	gatk	true	true	true	true	true	true	175	90	chrM,chrN_NUMT_05,chrN_NUMT_06,chrN_TRUE_LIKE_01	0	NOT_RETAINED:strand_bias	NOT_CALLED	NOT_RETAINED:FLAGGED_NUMT_EVIDENCE
block12_R3_d5000	3	5000	V3_AF	0.035	0.035	VAF_0_02_0_05	AMBIGUOUS_CONTEXT	mutserve2	true	true	true	true	true	true	175	90	chrM,chrN_NUMT_05,chrN_NUMT_06,chrN_TRUE_LIKE_01	0	NOT_CALLED	NOT_CALLED	NOT_CALLED
block12_R3_d5000	3	5000	V4_NF	0.075	0.075	VAF_0_05_0_10	NUMT_LIKE	gatk	true	true	true	true	true	true	375	94	chrM,chrN_NUMT_07,chrN_NUMT_08,chrN_TRUE_LIKE_01	0,60	NOT_RETAINED:strand_bias	NOT_CALLED	NOT_RETAINED:FLAGGED_NUMT_EVIDENCE
block12_R3_d5000	3	5000	V4_NF	0.075	0.075	VAF_0_05_0_10	NUMT_LIKE	mutserve2	true	true	true	true	true	true	375	94	chrM,chrN_NUMT_07,chrN_NUMT_08,chrN_TRUE_LIKE_01	0,60	NOT_CALLED	NOT_CALLED	NOT_CALLED
block12_R3_d5000	3	5000	V4_AF	0.075	0.075	VAF_0_05_0_10	AMBIGUOUS_CONTEXT	gatk	true	true	true	true	true	true	375	183	chrM,chrN_NUMT_07,chrN_NUMT_08,chrN_TRUE_AMB_02	0	NOT_RETAINED:strand_bias	NOT_CALLED	NOT_RETAINED:FLAGGED_NUMT_EVIDENCE
block12_R3_d5000	3	5000	V4_AF	0.075	0.075	VAF_0_05_0_10	AMBIGUOUS_CONTEXT	mutserve2	true	true	true	true	true	true	375	183	chrM,chrN_NUMT_07,chrN_NUMT_08,chrN_TRUE_AMB_02	0	NOT_CALLED	NOT_CALLED	NOT_CALLED
block12_R3_d5000	3	5000	V5_NF	0.25	0.25	VAF_0_10_0_50	NUMT_LIKE	gatk	true	true	true	true	true	true	1250	308	chrM,chrN_NUMT_09,chrN_NUMT_10,chrN_TRUE_AMB_02	0,60	NOT_RETAINED:strand_bias	NOT_CALLED	NOT_RETAINED:FLAGGED_NUMT_EVIDENCE
block12_R3_d5000	3	5000	V5_NF	0.25	0.25	VAF_0_10_0_50	NUMT_LIKE	mutserve2	true	true	true	true	true	true	1250	308	chrM,chrN_NUMT_09,chrN_NUMT_10,chrN_TRUE_AMB_02	0,60	NOT_CALLED	NOT_CALLED	NOT_CALLED
block12_R3_d5000	3	5000	V5_AF	0.25	0.25	VAF_0_10_0_50	AMBIGUOUS_CONTEXT	gatk	true	true	true	true	true	true	1250	832	chrM,chrN_NUMT_09,chrN_NUMT_10	0	NOT_RETAINED:strand_bias	NOT_CALLED	NOT_RETAINED:FLAGGED_NUMT_EVIDENCE
block12_R3_d5000	3	5000	V5_AF	0.25	0.25	VAF_0_10_0_50	AMBIGUOUS_CONTEXT	mutserve2	true	true	true	true	true	true	1250	832	chrM,chrN_NUMT_09,chrN_NUMT_10	0	NOT_CALLED	NOT_CALLED	NOT_CALLED
block12_R3_d5000	3	5000	V6_NF	0.75	0.75	GT_0_50	NUMT_LIKE	gatk	true	true	true	true	true	true	3750	1267	chrM,chrN_NUMT_11,chrN_NUMT_12	0,60	NOT_RETAINED:strand_bias	NOT_CALLED	NOT_RETAINED:FLAGGED_NUMT_EVIDENCE
block12_R3_d5000	3	5000	V6_NF	0.75	0.75	GT_0_50	NUMT_LIKE	mutserve2	true	true	true	true	true	true	3750	1267	chrM,chrN_NUMT_11,chrN_NUMT_12	0,60	NOT_CALLED	NOT_CALLED	NOT_CALLED
block12_R3_d5000	3	5000	V6_AF	0.75	0.75	GT_0_50	AMBIGUOUS_CONTEXT	gatk	true	true	true	true	true	true	3750	2518	chrM,chrN_NUMT_11,chrN_NUMT_12	0	NOT_RETAINED:strand_bias	NOT_CALLED	NOT_RETAINED:FLAGGED_NUMT_EVIDENCE
block12_R3_d5000	3	5000	V6_AF	0.75	0.75	GT_0_50	AMBIGUOUS_CONTEXT	mutserve2	true	true	true	true	true	true	3750	2518	chrM,chrN_NUMT_11,chrN_NUMT_12	0	NOT_CALLED	NOT_CALLED	NOT_CALLED
