benchmark_id	attempt	wall_clock_seconds	cpu_seconds	cpu_hours	peak_rss_mb	max_container_memory_mb	disk_input_bytes	disk_work_bytes_peak	disk_output_bytes	process_count	cached_process_count	submitted_process_count	nextflow_status
block12_R1_d100	2	370.62889	401.021554	0.1113948761	544.600000	NA	505822	79174707	18652728	67	3	64	PASS
block12_R1_d250	1	342.442541	362.085469	0.1005792969	1022.100000	NA	1035531	83305667	21931477	67	0	67	PASS
block12_R1_d500	1	402.786629	465.404898	0.1292791383	1100.000000	NA	1929584	141190187	26642409	67	0	67	PASS
block12_R1_d1000	1	432.405879	449.390588	0.1248307189	938.100000	NA	3712734	256198559	34878661	67	0	67	PASS
block12_R1_d2000	1	618.686454	556.819129	0.1546719803	1200.000000	NA	7290296	485175464	50733247	67	0	67	PASS
block12_R1_d5000	1	1312.34999	948.741758	0.2635393772	1400.000000	NA	18010628	1170734133	96436404	67	0	67	PASS
block12_R2_d100	1	322.04556	348.678606	0.09685516833	922.300000	NA	503791	48244483	18640552	67	0	67	PASS
block12_R2_d250	1	423.030392	472.675332	0.1312987033	1100.000000	NA	1036160	83345599	21934130	67	0	67	PASS
block12_R2_d500	1	348.462304	387.798615	0.1077218375	1100.000000	NA	1928913	140986948	26632391	67	0	67	PASS
block12_R2_d1000	1	439.456298	469.364912	0.1303791422	1100.000000	NA	3716772	256351525	34890242	67	0	67	PASS
block12_R2_d2000	1	569.919406	517.582914	0.1437730317	1100.000000	NA	7272075	484673424	50705582	67	0	67	PASS
block12_R2_d5000	1	1163.105995	838.828321	0.2330078669	1400.000000	NA	17993223	1170892365	96419652	67	0	67	PASS
block12_R3_d100	1	305.221591	355.548231	0.0987633975	1100.000000	NA	501115	48192972	18658940	67	0	67	PASS
block12_R3_d250	1	305.967615	345.659532	0.09601653667	1100.000000	NA	1038874	83449936	21963340	67	0	67	PASS
block12_R3_d500	1	359.657409	404.196235	0.1122767319	1100.000000	NA	1923859	141095281	26640960	67	0	67	PASS
block12_R3_d1000	1	504.318978	491.189768	0.1364416022	1100.000000	NA	3711244	256397294	34910473	67	0	67	PASS
block12_R3_d2000	1	584.78816	536.826545	0.1491184847	1200.000000	NA	7276962	485120822	50740297	67	0	67	PASS
block12_R3_d5000	1	1077.512361	776.788154	0.2157744872	1400.000000	NA	17978915	1170636137	96446058	67	0	67	PASS
