benchmark_id	sample_id	dataset_type	reference	input_bam_or_fastq	truth_vcf	depth_target	vaf_target	vaf_bin	variant_class	variant_position	boundary_class	numt_context	caller	numt_strategy	circular_mode	replicate	seed	numt_truth	numt_design
block12_R1_d100	B12R1D100	synthetic	../datasets/block12/reference/block12_reference.fa	../generated/block12/block12_R1_d100/B12R1D100_R1.fastq.gz;../generated/block12/block12_R1_d100/B12R1D100_R2.fastq.gz	../generated/block12/block12_R1_d100/B12R1D100.achieved_truth.tsv	100	NA	MULTIPLEXED	MIXED	NA	MIXED	MIXED	all_supported	comparison	all_supported	1	120101	../generated/block12/block12_R1_d100/B12R1D100.numt_truth.tsv	../generated/block12/block12_R1_d100/B12R1D100.numt_design.tsv
block12_R1_d250	B12R1D250	synthetic	../datasets/block12/reference/block12_reference.fa	../generated/block12/block12_R1_d250/B12R1D250_R1.fastq.gz;../generated/block12/block12_R1_d250/B12R1D250_R2.fastq.gz	../generated/block12/block12_R1_d250/B12R1D250.achieved_truth.tsv	250	NA	MULTIPLEXED	MIXED	NA	MIXED	MIXED	all_supported	comparison	all_supported	1	121110	../generated/block12/block12_R1_d250/B12R1D250.numt_truth.tsv	../generated/block12/block12_R1_d250/B12R1D250.numt_design.tsv
block12_R1_d500	B12R1D500	synthetic	../datasets/block12/reference/block12_reference.fa	../generated/block12/block12_R1_d500/B12R1D500_R1.fastq.gz;../generated/block12/block12_R1_d500/B12R1D500_R2.fastq.gz	../generated/block12/block12_R1_d500/B12R1D500.achieved_truth.tsv	500	NA	MULTIPLEXED	MIXED	NA	MIXED	MIXED	all_supported	comparison	all_supported	1	122119	../generated/block12/block12_R1_d500/B12R1D500.numt_truth.tsv	../generated/block12/block12_R1_d500/B12R1D500.numt_design.tsv
block12_R1_d1000	B12R1D1000	synthetic	../datasets/block12/reference/block12_reference.fa	../generated/block12/block12_R1_d1000/B12R1D1000_R1.fastq.gz;../generated/block12/block12_R1_d1000/B12R1D1000_R2.fastq.gz	../generated/block12/block12_R1_d1000/B12R1D1000.achieved_truth.tsv	1000	NA	MULTIPLEXED	MIXED	NA	MIXED	MIXED	all_supported	comparison	all_supported	1	123128	../generated/block12/block12_R1_d1000/B12R1D1000.numt_truth.tsv	../generated/block12/block12_R1_d1000/B12R1D1000.numt_design.tsv
block12_R1_d2000	B12R1D2000	synthetic	../datasets/block12/reference/block12_reference.fa	../generated/block12/block12_R1_d2000/B12R1D2000_R1.fastq.gz;../generated/block12/block12_R1_d2000/B12R1D2000_R2.fastq.gz	../generated/block12/block12_R1_d2000/B12R1D2000.achieved_truth.tsv	2000	NA	MULTIPLEXED	MIXED	NA	MIXED	MIXED	all_supported	comparison	all_supported	1	124137	../generated/block12/block12_R1_d2000/B12R1D2000.numt_truth.tsv	../generated/block12/block12_R1_d2000/B12R1D2000.numt_design.tsv
block12_R1_d5000	B12R1D5000	synthetic	../datasets/block12/reference/block12_reference.fa	../generated/block12/block12_R1_d5000/B12R1D5000_R1.fastq.gz;../generated/block12/block12_R1_d5000/B12R1D5000_R2.fastq.gz	../generated/block12/block12_R1_d5000/B12R1D5000.achieved_truth.tsv	5000	NA	MULTIPLEXED	MIXED	NA	MIXED	MIXED	all_supported	comparison	all_supported	1	125146	../generated/block12/block12_R1_d5000/B12R1D5000.numt_truth.tsv	../generated/block12/block12_R1_d5000/B12R1D5000.numt_design.tsv
block12_R2_d100	B12R2D100	synthetic	../datasets/block12/reference/block12_reference.fa	../generated/block12/block12_R2_d100/B12R2D100_R1.fastq.gz;../generated/block12/block12_R2_d100/B12R2D100_R2.fastq.gz	../generated/block12/block12_R2_d100/B12R2D100.achieved_truth.tsv	100	NA	MULTIPLEXED	MIXED	NA	MIXED	MIXED	all_supported	comparison	all_supported	2	120202	../generated/block12/block12_R2_d100/B12R2D100.numt_truth.tsv	../generated/block12/block12_R2_d100/B12R2D100.numt_design.tsv
block12_R2_d250	B12R2D250	synthetic	../datasets/block12/reference/block12_reference.fa	../generated/block12/block12_R2_d250/B12R2D250_R1.fastq.gz;../generated/block12/block12_R2_d250/B12R2D250_R2.fastq.gz	../generated/block12/block12_R2_d250/B12R2D250.achieved_truth.tsv	250	NA	MULTIPLEXED	MIXED	NA	MIXED	MIXED	all_supported	comparison	all_supported	2	121211	../generated/block12/block12_R2_d250/B12R2D250.numt_truth.tsv	../generated/block12/block12_R2_d250/B12R2D250.numt_design.tsv
block12_R2_d500	B12R2D500	synthetic	../datasets/block12/reference/block12_reference.fa	../generated/block12/block12_R2_d500/B12R2D500_R1.fastq.gz;../generated/block12/block12_R2_d500/B12R2D500_R2.fastq.gz	../generated/block12/block12_R2_d500/B12R2D500.achieved_truth.tsv	500	NA	MULTIPLEXED	MIXED	NA	MIXED	MIXED	all_supported	comparison	all_supported	2	122220	../generated/block12/block12_R2_d500/B12R2D500.numt_truth.tsv	../generated/block12/block12_R2_d500/B12R2D500.numt_design.tsv
block12_R2_d1000	B12R2D1000	synthetic	../datasets/block12/reference/block12_reference.fa	../generated/block12/block12_R2_d1000/B12R2D1000_R1.fastq.gz;../generated/block12/block12_R2_d1000/B12R2D1000_R2.fastq.gz	../generated/block12/block12_R2_d1000/B12R2D1000.achieved_truth.tsv	1000	NA	MULTIPLEXED	MIXED	NA	MIXED	MIXED	all_supported	comparison	all_supported	2	123229	../generated/block12/block12_R2_d1000/B12R2D1000.numt_truth.tsv	../generated/block12/block12_R2_d1000/B12R2D1000.numt_design.tsv
block12_R2_d2000	B12R2D2000	synthetic	../datasets/block12/reference/block12_reference.fa	../generated/block12/block12_R2_d2000/B12R2D2000_R1.fastq.gz;../generated/block12/block12_R2_d2000/B12R2D2000_R2.fastq.gz	../generated/block12/block12_R2_d2000/B12R2D2000.achieved_truth.tsv	2000	NA	MULTIPLEXED	MIXED	NA	MIXED	MIXED	all_supported	comparison	all_supported	2	124238	../generated/block12/block12_R2_d2000/B12R2D2000.numt_truth.tsv	../generated/block12/block12_R2_d2000/B12R2D2000.numt_design.tsv
block12_R2_d5000	B12R2D5000	synthetic	../datasets/block12/reference/block12_reference.fa	../generated/block12/block12_R2_d5000/B12R2D5000_R1.fastq.gz;../generated/block12/block12_R2_d5000/B12R2D5000_R2.fastq.gz	../generated/block12/block12_R2_d5000/B12R2D5000.achieved_truth.tsv	5000	NA	MULTIPLEXED	MIXED	NA	MIXED	MIXED	all_supported	comparison	all_supported	2	125247	../generated/block12/block12_R2_d5000/B12R2D5000.numt_truth.tsv	../generated/block12/block12_R2_d5000/B12R2D5000.numt_design.tsv
block12_R3_d100	B12R3D100	synthetic	../datasets/block12/reference/block12_reference.fa	../generated/block12/block12_R3_d100/B12R3D100_R1.fastq.gz;../generated/block12/block12_R3_d100/B12R3D100_R2.fastq.gz	../generated/block12/block12_R3_d100/B12R3D100.achieved_truth.tsv	100	NA	MULTIPLEXED	MIXED	NA	MIXED	MIXED	all_supported	comparison	all_supported	3	120303	../generated/block12/block12_R3_d100/B12R3D100.numt_truth.tsv	../generated/block12/block12_R3_d100/B12R3D100.numt_design.tsv
block12_R3_d250	B12R3D250	synthetic	../datasets/block12/reference/block12_reference.fa	../generated/block12/block12_R3_d250/B12R3D250_R1.fastq.gz;../generated/block12/block12_R3_d250/B12R3D250_R2.fastq.gz	../generated/block12/block12_R3_d250/B12R3D250.achieved_truth.tsv	250	NA	MULTIPLEXED	MIXED	NA	MIXED	MIXED	all_supported	comparison	all_supported	3	121312	../generated/block12/block12_R3_d250/B12R3D250.numt_truth.tsv	../generated/block12/block12_R3_d250/B12R3D250.numt_design.tsv
block12_R3_d500	B12R3D500	synthetic	../datasets/block12/reference/block12_reference.fa	../generated/block12/block12_R3_d500/B12R3D500_R1.fastq.gz;../generated/block12/block12_R3_d500/B12R3D500_R2.fastq.gz	../generated/block12/block12_R3_d500/B12R3D500.achieved_truth.tsv	500	NA	MULTIPLEXED	MIXED	NA	MIXED	MIXED	all_supported	comparison	all_supported	3	122321	../generated/block12/block12_R3_d500/B12R3D500.numt_truth.tsv	../generated/block12/block12_R3_d500/B12R3D500.numt_design.tsv
block12_R3_d1000	B12R3D1000	synthetic	../datasets/block12/reference/block12_reference.fa	../generated/block12/block12_R3_d1000/B12R3D1000_R1.fastq.gz;../generated/block12/block12_R3_d1000/B12R3D1000_R2.fastq.gz	../generated/block12/block12_R3_d1000/B12R3D1000.achieved_truth.tsv	1000	NA	MULTIPLEXED	MIXED	NA	MIXED	MIXED	all_supported	comparison	all_supported	3	123330	../generated/block12/block12_R3_d1000/B12R3D1000.numt_truth.tsv	../generated/block12/block12_R3_d1000/B12R3D1000.numt_design.tsv
block12_R3_d2000	B12R3D2000	synthetic	../datasets/block12/reference/block12_reference.fa	../generated/block12/block12_R3_d2000/B12R3D2000_R1.fastq.gz;../generated/block12/block12_R3_d2000/B12R3D2000_R2.fastq.gz	../generated/block12/block12_R3_d2000/B12R3D2000.achieved_truth.tsv	2000	NA	MULTIPLEXED	MIXED	NA	MIXED	MIXED	all_supported	comparison	all_supported	3	124339	../generated/block12/block12_R3_d2000/B12R3D2000.numt_truth.tsv	../generated/block12/block12_R3_d2000/B12R3D2000.numt_design.tsv
block12_R3_d5000	B12R3D5000	synthetic	../datasets/block12/reference/block12_reference.fa	../generated/block12/block12_R3_d5000/B12R3D5000_R1.fastq.gz;../generated/block12/block12_R3_d5000/B12R3D5000_R2.fastq.gz	../generated/block12/block12_R3_d5000/B12R3D5000.achieved_truth.tsv	5000	NA	MULTIPLEXED	MIXED	NA	MIXED	MIXED	all_supported	comparison	all_supported	3	125348	../generated/block12/block12_R3_d5000/B12R3D5000.numt_truth.tsv	../generated/block12/block12_R3_d5000/B12R3D5000.numt_design.tsv
