caller	depth_x	technical_replicates	true_positives	false_positives	false_negatives	precision	recall	f1_score	mean_absolute_vaf_error	vaf_reference	vaf_subset	false_positive_metric_scope
GATK Mutect2	100	3	80	12	28	0.869565	0.740741	0.800000	0.008836	ACHIEVED_VAF	RECOVERED_TRUTH_ALLELES	TOTAL_EXACT_TRUTH_FP
GATK Mutect2	250	3	87	12	21	0.878788	0.805556	0.840580	0.003417	ACHIEVED_VAF	RECOVERED_TRUTH_ALLELES	TOTAL_EXACT_TRUTH_FP
GATK Mutect2	500	3	91	6	17	0.938144	0.842593	0.887805	0.002199	ACHIEVED_VAF	RECOVERED_TRUTH_ALLELES	TOTAL_EXACT_TRUTH_FP
GATK Mutect2	1000	3	95	3	13	0.969388	0.879630	0.922330	0.001414	ACHIEVED_VAF	RECOVERED_TRUTH_ALLELES	TOTAL_EXACT_TRUTH_FP
GATK Mutect2	2000	3	96	0	12	1.000000	0.888889	0.941176	0.000740	ACHIEVED_VAF	RECOVERED_TRUTH_ALLELES	TOTAL_EXACT_TRUTH_FP
GATK Mutect2	5000	3	99	0	9	1.000000	0.916667	0.956522	0.000544	ACHIEVED_VAF	RECOVERED_TRUTH_ALLELES	TOTAL_EXACT_TRUTH_FP
mutserve2	100	3	36	0	72	1.000000	0.333333	0.500000	0.004772	ACHIEVED_VAF	RECOVERED_TRUTH_ALLELES	TOTAL_EXACT_TRUTH_FP
mutserve2	250	3	50	3	58	0.943396	0.462963	0.621118	0.001981	ACHIEVED_VAF	RECOVERED_TRUTH_ALLELES	TOTAL_EXACT_TRUTH_FP
mutserve2	500	3	56	5	52	0.918033	0.518519	0.662722	0.001558	ACHIEVED_VAF	RECOVERED_TRUTH_ALLELES	TOTAL_EXACT_TRUTH_FP
mutserve2	1000	3	57	3	51	0.950000	0.527778	0.678571	0.001313	ACHIEVED_VAF	RECOVERED_TRUTH_ALLELES	TOTAL_EXACT_TRUTH_FP
mutserve2	2000	3	55	3	53	0.948276	0.509259	0.662651	0.000781	ACHIEVED_VAF	RECOVERED_TRUTH_ALLELES	TOTAL_EXACT_TRUTH_FP
mutserve2	5000	3	57	3	51	0.950000	0.527778	0.678571	0.000649	ACHIEVED_VAF	RECOVERED_TRUTH_ALLELES	TOTAL_EXACT_TRUTH_FP
