summary_level	benchmark_id	technical_replicate	depth_x	nominal_vaf	truth_allele_id	variant_class	boundary_class	processing_mode	true_positive	false_negative	recall	called_vaf	absolute_vaf_error_from_achieved_vaf	recall_delta
TRUTH_ALLELE	block12_R1_d250	1	250	0.015	V2_A1	SNV	NON_BOUNDARY	STANDARD_ONLY_MATCHED	1	0	1	0.021	0.005	NA
TRUTH_ALLELE	block12_R1_d250	1	250	0.015	V2_A1	SNV	NON_BOUNDARY	STANDARD_PLUS_SHIFTED_MATCHED	1	0	1	0.021	0.005	NA
TRUTH_ALLELE	block12_R1_d250	1	250	0.015	V2_A2	SNV	BOUNDARY	STANDARD_ONLY_MATCHED	1	0	1	0.02	0.004	NA
TRUTH_ALLELE	block12_R1_d250	1	250	0.015	V2_A2	SNV	BOUNDARY	STANDARD_PLUS_SHIFTED_MATCHED	1	0	1	0.02	0.004	NA
TRUTH_ALLELE	block12_R1_d250	1	250	0.015	V2_A5	insertion	NON_BOUNDARY	STANDARD_ONLY_MATCHED	1	0	1	0.02	0.004	NA
TRUTH_ALLELE	block12_R1_d250	1	250	0.015	V2_A5	insertion	NON_BOUNDARY	STANDARD_PLUS_SHIFTED_MATCHED	1	0	1	0.02	0.004	NA
TRUTH_ALLELE	block12_R1_d250	1	250	0.015	V2_A6	insertion	BOUNDARY	STANDARD_ONLY_MATCHED	1	0	1	0.02	0.004	NA
TRUTH_ALLELE	block12_R1_d250	1	250	0.015	V2_A6	insertion	BOUNDARY	STANDARD_PLUS_SHIFTED_MATCHED	1	0	1	0.02	0.004	NA
TRUTH_ALLELE	block12_R1_d250	1	250	0.075	V4_A1	SNV	NON_BOUNDARY	STANDARD_ONLY_MATCHED	1	0	1	0.079	0.003	NA
TRUTH_ALLELE	block12_R1_d250	1	250	0.075	V4_A1	SNV	NON_BOUNDARY	STANDARD_PLUS_SHIFTED_MATCHED	1	0	1	0.079	0.003	NA
TRUTH_ALLELE	block12_R1_d250	1	250	0.075	V4_A2	SNV	BOUNDARY	STANDARD_ONLY_MATCHED	1	0	1	0.079	0.003	NA
TRUTH_ALLELE	block12_R1_d250	1	250	0.075	V4_A2	SNV	BOUNDARY	STANDARD_PLUS_SHIFTED_MATCHED	1	0	1	0.079	0.003	NA
TRUTH_ALLELE	block12_R1_d250	1	250	0.075	V4_A5	insertion	NON_BOUNDARY	STANDARD_ONLY_MATCHED	1	0	1	0.08	0.004	NA
TRUTH_ALLELE	block12_R1_d250	1	250	0.075	V4_A5	insertion	NON_BOUNDARY	STANDARD_PLUS_SHIFTED_MATCHED	1	0	1	0.08	0.004	NA
TRUTH_ALLELE	block12_R1_d250	1	250	0.075	V4_A6	insertion	BOUNDARY	STANDARD_ONLY_MATCHED	1	0	1	0.076	0	NA
TRUTH_ALLELE	block12_R1_d250	1	250	0.075	V4_A6	insertion	BOUNDARY	STANDARD_PLUS_SHIFTED_MATCHED	1	0	1	0.076	0	NA
TRUTH_ALLELE	block12_R1_d250	1	250	0.25	V5_A1	SNV	NON_BOUNDARY	STANDARD_ONLY_MATCHED	1	0	1	0.254	0.002	NA
TRUTH_ALLELE	block12_R1_d250	1	250	0.25	V5_A1	SNV	NON_BOUNDARY	STANDARD_PLUS_SHIFTED_MATCHED	1	0	1	0.254	0.002	NA
TRUTH_ALLELE	block12_R1_d250	1	250	0.25	V5_A2	SNV	BOUNDARY	STANDARD_ONLY_MATCHED	1	0	1	0.254	0.002	NA
TRUTH_ALLELE	block12_R1_d250	1	250	0.25	V5_A2	SNV	BOUNDARY	STANDARD_PLUS_SHIFTED_MATCHED	1	0	1	0.254	0.002	NA
TRUTH_ALLELE	block12_R1_d250	1	250	0.25	V5_A5	insertion	NON_BOUNDARY	STANDARD_ONLY_MATCHED	1	0	1	0.254	0.002	NA
TRUTH_ALLELE	block12_R1_d250	1	250	0.25	V5_A5	insertion	NON_BOUNDARY	STANDARD_PLUS_SHIFTED_MATCHED	1	0	1	0.254	0.002	NA
TRUTH_ALLELE	block12_R1_d250	1	250	0.25	V5_A6	insertion	BOUNDARY	STANDARD_ONLY_MATCHED	1	0	1	0.256	0.004	NA
TRUTH_ALLELE	block12_R1_d250	1	250	0.25	V5_A6	insertion	BOUNDARY	STANDARD_PLUS_SHIFTED_MATCHED	1	0	1	0.256	0.004	NA
TRUTH_ALLELE	block12_R1_d1000	1	1000	0.015	V2_A1	SNV	NON_BOUNDARY	STANDARD_ONLY_MATCHED	1	0	1	0.016	0.001	NA
TRUTH_ALLELE	block12_R1_d1000	1	1000	0.015	V2_A1	SNV	NON_BOUNDARY	STANDARD_PLUS_SHIFTED_MATCHED	1	0	1	0.016	0.001	NA
TRUTH_ALLELE	block12_R1_d1000	1	1000	0.015	V2_A2	SNV	BOUNDARY	STANDARD_ONLY_MATCHED	0	1	0	NA	NA	NA
TRUTH_ALLELE	block12_R1_d1000	1	1000	0.015	V2_A2	SNV	BOUNDARY	STANDARD_PLUS_SHIFTED_MATCHED	0	1	0	NA	NA	NA
TRUTH_ALLELE	block12_R1_d1000	1	1000	0.015	V2_A5	insertion	NON_BOUNDARY	STANDARD_ONLY_MATCHED	1	0	1	0.016	0.001	NA
TRUTH_ALLELE	block12_R1_d1000	1	1000	0.015	V2_A5	insertion	NON_BOUNDARY	STANDARD_PLUS_SHIFTED_MATCHED	1	0	1	0.016	0.001	NA
TRUTH_ALLELE	block12_R1_d1000	1	1000	0.015	V2_A6	insertion	BOUNDARY	STANDARD_ONLY_MATCHED	1	0	1	0.016	0.001	NA
TRUTH_ALLELE	block12_R1_d1000	1	1000	0.015	V2_A6	insertion	BOUNDARY	STANDARD_PLUS_SHIFTED_MATCHED	1	0	1	0.016	0.001	NA
TRUTH_ALLELE	block12_R1_d1000	1	1000	0.075	V4_A1	SNV	NON_BOUNDARY	STANDARD_ONLY_MATCHED	1	0	1	0.076	0.001	NA
TRUTH_ALLELE	block12_R1_d1000	1	1000	0.075	V4_A1	SNV	NON_BOUNDARY	STANDARD_PLUS_SHIFTED_MATCHED	1	0	1	0.076	0.001	NA
TRUTH_ALLELE	block12_R1_d1000	1	1000	0.075	V4_A2	SNV	BOUNDARY	STANDARD_ONLY_MATCHED	1	0	1	0.076	0.001	NA
TRUTH_ALLELE	block12_R1_d1000	1	1000	0.075	V4_A2	SNV	BOUNDARY	STANDARD_PLUS_SHIFTED_MATCHED	1	0	1	0.076	0.001	NA
TRUTH_ALLELE	block12_R1_d1000	1	1000	0.075	V4_A5	insertion	NON_BOUNDARY	STANDARD_ONLY_MATCHED	1	0	1	0.075	0	NA
TRUTH_ALLELE	block12_R1_d1000	1	1000	0.075	V4_A5	insertion	NON_BOUNDARY	STANDARD_PLUS_SHIFTED_MATCHED	1	0	1	0.075	0	NA
TRUTH_ALLELE	block12_R1_d1000	1	1000	0.075	V4_A6	insertion	BOUNDARY	STANDARD_ONLY_MATCHED	1	0	1	0.075	0	NA
TRUTH_ALLELE	block12_R1_d1000	1	1000	0.075	V4_A6	insertion	BOUNDARY	STANDARD_PLUS_SHIFTED_MATCHED	1	0	1	0.075	0	NA
TRUTH_ALLELE	block12_R1_d1000	1	1000	0.25	V5_A1	SNV	NON_BOUNDARY	STANDARD_ONLY_MATCHED	1	0	1	0.25	0	NA
TRUTH_ALLELE	block12_R1_d1000	1	1000	0.25	V5_A1	SNV	NON_BOUNDARY	STANDARD_PLUS_SHIFTED_MATCHED	1	0	1	0.25	0	NA
TRUTH_ALLELE	block12_R1_d1000	1	1000	0.25	V5_A2	SNV	BOUNDARY	STANDARD_ONLY_MATCHED	1	0	1	0.25	0	NA
TRUTH_ALLELE	block12_R1_d1000	1	1000	0.25	V5_A2	SNV	BOUNDARY	STANDARD_PLUS_SHIFTED_MATCHED	1	0	1	0.25	0	NA
TRUTH_ALLELE	block12_R1_d1000	1	1000	0.25	V5_A5	insertion	NON_BOUNDARY	STANDARD_ONLY_MATCHED	1	0	1	0.25	0	NA
TRUTH_ALLELE	block12_R1_d1000	1	1000	0.25	V5_A5	insertion	NON_BOUNDARY	STANDARD_PLUS_SHIFTED_MATCHED	1	0	1	0.25	0	NA
TRUTH_ALLELE	block12_R1_d1000	1	1000	0.25	V5_A6	insertion	BOUNDARY	STANDARD_ONLY_MATCHED	1	0	1	0.251	0.001	NA
TRUTH_ALLELE	block12_R1_d1000	1	1000	0.25	V5_A6	insertion	BOUNDARY	STANDARD_PLUS_SHIFTED_MATCHED	1	0	1	0.251	0.001	NA
TRUTH_ALLELE	block12_R1_d5000	1	5000	0.015	V2_A1	SNV	NON_BOUNDARY	STANDARD_ONLY_MATCHED	1	0	1	0.014	0.001	NA
TRUTH_ALLELE	block12_R1_d5000	1	5000	0.015	V2_A1	SNV	NON_BOUNDARY	STANDARD_PLUS_SHIFTED_MATCHED	1	0	1	0.014	0.001	NA
TRUTH_ALLELE	block12_R1_d5000	1	5000	0.015	V2_A2	SNV	BOUNDARY	STANDARD_ONLY_MATCHED	0	1	0	NA	NA	NA
TRUTH_ALLELE	block12_R1_d5000	1	5000	0.015	V2_A2	SNV	BOUNDARY	STANDARD_PLUS_SHIFTED_MATCHED	0	1	0	NA	NA	NA
TRUTH_ALLELE	block12_R1_d5000	1	5000	0.015	V2_A5	insertion	NON_BOUNDARY	STANDARD_ONLY_MATCHED	1	0	1	0.015	0	NA
TRUTH_ALLELE	block12_R1_d5000	1	5000	0.015	V2_A5	insertion	NON_BOUNDARY	STANDARD_PLUS_SHIFTED_MATCHED	1	0	1	0.015	0	NA
TRUTH_ALLELE	block12_R1_d5000	1	5000	0.015	V2_A6	insertion	BOUNDARY	STANDARD_ONLY_MATCHED	1	0	1	0.015	0	NA
TRUTH_ALLELE	block12_R1_d5000	1	5000	0.015	V2_A6	insertion	BOUNDARY	STANDARD_PLUS_SHIFTED_MATCHED	1	0	1	0.015	0	NA
TRUTH_ALLELE	block12_R1_d5000	1	5000	0.075	V4_A1	SNV	NON_BOUNDARY	STANDARD_ONLY_MATCHED	1	0	1	0.075	0	NA
TRUTH_ALLELE	block12_R1_d5000	1	5000	0.075	V4_A1	SNV	NON_BOUNDARY	STANDARD_PLUS_SHIFTED_MATCHED	1	0	1	0.075	0	NA
TRUTH_ALLELE	block12_R1_d5000	1	5000	0.075	V4_A2	SNV	BOUNDARY	STANDARD_ONLY_MATCHED	1	0	1	0.075	0	NA
TRUTH_ALLELE	block12_R1_d5000	1	5000	0.075	V4_A2	SNV	BOUNDARY	STANDARD_PLUS_SHIFTED_MATCHED	1	0	1	0.075	0	NA
TRUTH_ALLELE	block12_R1_d5000	1	5000	0.075	V4_A5	insertion	NON_BOUNDARY	STANDARD_ONLY_MATCHED	1	0	1	0.075	0	NA
TRUTH_ALLELE	block12_R1_d5000	1	5000	0.075	V4_A5	insertion	NON_BOUNDARY	STANDARD_PLUS_SHIFTED_MATCHED	1	0	1	0.075	0	NA
TRUTH_ALLELE	block12_R1_d5000	1	5000	0.075	V4_A6	insertion	BOUNDARY	STANDARD_ONLY_MATCHED	1	0	1	0.074	0.001	NA
TRUTH_ALLELE	block12_R1_d5000	1	5000	0.075	V4_A6	insertion	BOUNDARY	STANDARD_PLUS_SHIFTED_MATCHED	1	0	1	0.074	0.001	NA
TRUTH_ALLELE	block12_R1_d5000	1	5000	0.25	V5_A1	SNV	NON_BOUNDARY	STANDARD_ONLY_MATCHED	1	0	1	0.25	0	NA
TRUTH_ALLELE	block12_R1_d5000	1	5000	0.25	V5_A1	SNV	NON_BOUNDARY	STANDARD_PLUS_SHIFTED_MATCHED	1	0	1	0.25	0	NA
TRUTH_ALLELE	block12_R1_d5000	1	5000	0.25	V5_A2	SNV	BOUNDARY	STANDARD_ONLY_MATCHED	1	0	1	0.25	0	NA
TRUTH_ALLELE	block12_R1_d5000	1	5000	0.25	V5_A2	SNV	BOUNDARY	STANDARD_PLUS_SHIFTED_MATCHED	1	0	1	0.25	0	NA
TRUTH_ALLELE	block12_R1_d5000	1	5000	0.25	V5_A5	insertion	NON_BOUNDARY	STANDARD_ONLY_MATCHED	1	0	1	0.249	0.001	NA
TRUTH_ALLELE	block12_R1_d5000	1	5000	0.25	V5_A5	insertion	NON_BOUNDARY	STANDARD_PLUS_SHIFTED_MATCHED	1	0	1	0.249	0.001	NA
TRUTH_ALLELE	block12_R1_d5000	1	5000	0.25	V5_A6	insertion	BOUNDARY	STANDARD_ONLY_MATCHED	1	0	1	0.249	0.001	NA
TRUTH_ALLELE	block12_R1_d5000	1	5000	0.25	V5_A6	insertion	BOUNDARY	STANDARD_PLUS_SHIFTED_MATCHED	1	0	1	0.249	0.001	NA
TRUTH_ALLELE	block12_R2_d250	2	250	0.015	V2_A1	SNV	NON_BOUNDARY	STANDARD_ONLY_MATCHED	1	0	1	0.017	0.001	NA
TRUTH_ALLELE	block12_R2_d250	2	250	0.015	V2_A1	SNV	NON_BOUNDARY	STANDARD_PLUS_SHIFTED_MATCHED	1	0	1	0.017	0.001	NA
TRUTH_ALLELE	block12_R2_d250	2	250	0.015	V2_A2	SNV	BOUNDARY	STANDARD_ONLY_MATCHED	1	0	1	0.02	0.004	NA
TRUTH_ALLELE	block12_R2_d250	2	250	0.015	V2_A2	SNV	BOUNDARY	STANDARD_PLUS_SHIFTED_MATCHED	1	0	1	0.02	0.004	NA
TRUTH_ALLELE	block12_R2_d250	2	250	0.015	V2_A5	insertion	NON_BOUNDARY	STANDARD_ONLY_MATCHED	0	1	0	NA	NA	NA
TRUTH_ALLELE	block12_R2_d250	2	250	0.015	V2_A5	insertion	NON_BOUNDARY	STANDARD_PLUS_SHIFTED_MATCHED	0	1	0	NA	NA	NA
TRUTH_ALLELE	block12_R2_d250	2	250	0.015	V2_A6	insertion	BOUNDARY	STANDARD_ONLY_MATCHED	1	0	1	0.02	0.004	NA
TRUTH_ALLELE	block12_R2_d250	2	250	0.015	V2_A6	insertion	BOUNDARY	STANDARD_PLUS_SHIFTED_MATCHED	1	0	1	0.02	0.004	NA
TRUTH_ALLELE	block12_R2_d250	2	250	0.075	V4_A1	SNV	NON_BOUNDARY	STANDARD_ONLY_MATCHED	1	0	1	0.079	0.003	NA
TRUTH_ALLELE	block12_R2_d250	2	250	0.075	V4_A1	SNV	NON_BOUNDARY	STANDARD_PLUS_SHIFTED_MATCHED	1	0	1	0.079	0.003	NA
TRUTH_ALLELE	block12_R2_d250	2	250	0.075	V4_A2	SNV	BOUNDARY	STANDARD_ONLY_MATCHED	1	0	1	0.079	0.003	NA
TRUTH_ALLELE	block12_R2_d250	2	250	0.075	V4_A2	SNV	BOUNDARY	STANDARD_PLUS_SHIFTED_MATCHED	1	0	1	0.079	0.003	NA
TRUTH_ALLELE	block12_R2_d250	2	250	0.075	V4_A5	insertion	NON_BOUNDARY	STANDARD_ONLY_MATCHED	1	0	1	0.08	0.004	NA
TRUTH_ALLELE	block12_R2_d250	2	250	0.075	V4_A5	insertion	NON_BOUNDARY	STANDARD_PLUS_SHIFTED_MATCHED	1	0	1	0.08	0.004	NA
TRUTH_ALLELE	block12_R2_d250	2	250	0.075	V4_A6	insertion	BOUNDARY	STANDARD_ONLY_MATCHED	1	0	1	0.08	0.004	NA
TRUTH_ALLELE	block12_R2_d250	2	250	0.075	V4_A6	insertion	BOUNDARY	STANDARD_PLUS_SHIFTED_MATCHED	1	0	1	0.08	0.004	NA
TRUTH_ALLELE	block12_R2_d250	2	250	0.25	V5_A1	SNV	NON_BOUNDARY	STANDARD_ONLY_MATCHED	1	0	1	0.254	0.002	NA
TRUTH_ALLELE	block12_R2_d250	2	250	0.25	V5_A1	SNV	NON_BOUNDARY	STANDARD_PLUS_SHIFTED_MATCHED	1	0	1	0.254	0.002	NA
TRUTH_ALLELE	block12_R2_d250	2	250	0.25	V5_A2	SNV	BOUNDARY	STANDARD_ONLY_MATCHED	1	0	1	0.254	0.002	NA
TRUTH_ALLELE	block12_R2_d250	2	250	0.25	V5_A2	SNV	BOUNDARY	STANDARD_PLUS_SHIFTED_MATCHED	1	0	1	0.254	0.002	NA
TRUTH_ALLELE	block12_R2_d250	2	250	0.25	V5_A5	insertion	NON_BOUNDARY	STANDARD_ONLY_MATCHED	1	0	1	0.254	0.002	NA
TRUTH_ALLELE	block12_R2_d250	2	250	0.25	V5_A5	insertion	NON_BOUNDARY	STANDARD_PLUS_SHIFTED_MATCHED	1	0	1	0.254	0.002	NA
TRUTH_ALLELE	block12_R2_d250	2	250	0.25	V5_A6	insertion	BOUNDARY	STANDARD_ONLY_MATCHED	1	0	1	0.248	0.004	NA
TRUTH_ALLELE	block12_R2_d250	2	250	0.25	V5_A6	insertion	BOUNDARY	STANDARD_PLUS_SHIFTED_MATCHED	1	0	1	0.248	0.004	NA
TRUTH_ALLELE	block12_R2_d1000	2	1000	0.015	V2_A1	SNV	NON_BOUNDARY	STANDARD_ONLY_MATCHED	1	0	1	0.016	0.001	NA
TRUTH_ALLELE	block12_R2_d1000	2	1000	0.015	V2_A1	SNV	NON_BOUNDARY	STANDARD_PLUS_SHIFTED_MATCHED	1	0	1	0.016	0.001	NA
TRUTH_ALLELE	block12_R2_d1000	2	1000	0.015	V2_A2	SNV	BOUNDARY	STANDARD_ONLY_MATCHED	0	1	0	NA	NA	NA
TRUTH_ALLELE	block12_R2_d1000	2	1000	0.015	V2_A2	SNV	BOUNDARY	STANDARD_PLUS_SHIFTED_MATCHED	0	1	0	NA	NA	NA
TRUTH_ALLELE	block12_R2_d1000	2	1000	0.015	V2_A5	insertion	NON_BOUNDARY	STANDARD_ONLY_MATCHED	1	0	1	0.016	0.001	NA
TRUTH_ALLELE	block12_R2_d1000	2	1000	0.015	V2_A5	insertion	NON_BOUNDARY	STANDARD_PLUS_SHIFTED_MATCHED	1	0	1	0.016	0.001	NA
TRUTH_ALLELE	block12_R2_d1000	2	1000	0.015	V2_A6	insertion	BOUNDARY	STANDARD_ONLY_MATCHED	1	0	1	0.016	0.001	NA
TRUTH_ALLELE	block12_R2_d1000	2	1000	0.015	V2_A6	insertion	BOUNDARY	STANDARD_PLUS_SHIFTED_MATCHED	1	0	1	0.016	0.001	NA
TRUTH_ALLELE	block12_R2_d1000	2	1000	0.075	V4_A1	SNV	NON_BOUNDARY	STANDARD_ONLY_MATCHED	1	0	1	0.076	0.001	NA
TRUTH_ALLELE	block12_R2_d1000	2	1000	0.075	V4_A1	SNV	NON_BOUNDARY	STANDARD_PLUS_SHIFTED_MATCHED	1	0	1	0.076	0.001	NA
TRUTH_ALLELE	block12_R2_d1000	2	1000	0.075	V4_A2	SNV	BOUNDARY	STANDARD_ONLY_MATCHED	1	0	1	0.076	0.001	NA
TRUTH_ALLELE	block12_R2_d1000	2	1000	0.075	V4_A2	SNV	BOUNDARY	STANDARD_PLUS_SHIFTED_MATCHED	1	0	1	0.076	0.001	NA
TRUTH_ALLELE	block12_R2_d1000	2	1000	0.075	V4_A5	insertion	NON_BOUNDARY	STANDARD_ONLY_MATCHED	1	0	1	0.076	0.001	NA
TRUTH_ALLELE	block12_R2_d1000	2	1000	0.075	V4_A5	insertion	NON_BOUNDARY	STANDARD_PLUS_SHIFTED_MATCHED	1	0	1	0.076	0.001	NA
TRUTH_ALLELE	block12_R2_d1000	2	1000	0.075	V4_A6	insertion	BOUNDARY	STANDARD_ONLY_MATCHED	1	0	1	0.075	0	NA
TRUTH_ALLELE	block12_R2_d1000	2	1000	0.075	V4_A6	insertion	BOUNDARY	STANDARD_PLUS_SHIFTED_MATCHED	1	0	1	0.075	0	NA
TRUTH_ALLELE	block12_R2_d1000	2	1000	0.25	V5_A1	SNV	NON_BOUNDARY	STANDARD_ONLY_MATCHED	1	0	1	0.25	0	NA
TRUTH_ALLELE	block12_R2_d1000	2	1000	0.25	V5_A1	SNV	NON_BOUNDARY	STANDARD_PLUS_SHIFTED_MATCHED	1	0	1	0.25	0	NA
TRUTH_ALLELE	block12_R2_d1000	2	1000	0.25	V5_A2	SNV	BOUNDARY	STANDARD_ONLY_MATCHED	1	0	1	0.25	0	NA
TRUTH_ALLELE	block12_R2_d1000	2	1000	0.25	V5_A2	SNV	BOUNDARY	STANDARD_PLUS_SHIFTED_MATCHED	1	0	1	0.25	0	NA
TRUTH_ALLELE	block12_R2_d1000	2	1000	0.25	V5_A5	insertion	NON_BOUNDARY	STANDARD_ONLY_MATCHED	1	0	1	0.251	0.001	NA
TRUTH_ALLELE	block12_R2_d1000	2	1000	0.25	V5_A5	insertion	NON_BOUNDARY	STANDARD_PLUS_SHIFTED_MATCHED	1	0	1	0.251	0.001	NA
TRUTH_ALLELE	block12_R2_d1000	2	1000	0.25	V5_A6	insertion	BOUNDARY	STANDARD_ONLY_MATCHED	1	0	1	0.252	0.002	NA
TRUTH_ALLELE	block12_R2_d1000	2	1000	0.25	V5_A6	insertion	BOUNDARY	STANDARD_PLUS_SHIFTED_MATCHED	1	0	1	0.252	0.002	NA
TRUTH_ALLELE	block12_R2_d5000	2	5000	0.015	V2_A1	SNV	NON_BOUNDARY	STANDARD_ONLY_MATCHED	1	0	1	0.015	0	NA
TRUTH_ALLELE	block12_R2_d5000	2	5000	0.015	V2_A1	SNV	NON_BOUNDARY	STANDARD_PLUS_SHIFTED_MATCHED	1	0	1	0.015	0	NA
TRUTH_ALLELE	block12_R2_d5000	2	5000	0.015	V2_A2	SNV	BOUNDARY	STANDARD_ONLY_MATCHED	0	1	0	NA	NA	NA
TRUTH_ALLELE	block12_R2_d5000	2	5000	0.015	V2_A2	SNV	BOUNDARY	STANDARD_PLUS_SHIFTED_MATCHED	0	1	0	NA	NA	NA
TRUTH_ALLELE	block12_R2_d5000	2	5000	0.015	V2_A5	insertion	NON_BOUNDARY	STANDARD_ONLY_MATCHED	1	0	1	0.015	0	NA
TRUTH_ALLELE	block12_R2_d5000	2	5000	0.015	V2_A5	insertion	NON_BOUNDARY	STANDARD_PLUS_SHIFTED_MATCHED	1	0	1	0.015	0	NA
TRUTH_ALLELE	block12_R2_d5000	2	5000	0.015	V2_A6	insertion	BOUNDARY	STANDARD_ONLY_MATCHED	1	0	1	0.015	0	NA
TRUTH_ALLELE	block12_R2_d5000	2	5000	0.015	V2_A6	insertion	BOUNDARY	STANDARD_PLUS_SHIFTED_MATCHED	1	0	1	0.015	0	NA
TRUTH_ALLELE	block12_R2_d5000	2	5000	0.075	V4_A1	SNV	NON_BOUNDARY	STANDARD_ONLY_MATCHED	1	0	1	0.075	0	NA
TRUTH_ALLELE	block12_R2_d5000	2	5000	0.075	V4_A1	SNV	NON_BOUNDARY	STANDARD_PLUS_SHIFTED_MATCHED	1	0	1	0.075	0	NA
TRUTH_ALLELE	block12_R2_d5000	2	5000	0.075	V4_A2	SNV	BOUNDARY	STANDARD_ONLY_MATCHED	1	0	1	0.075	0	NA
TRUTH_ALLELE	block12_R2_d5000	2	5000	0.075	V4_A2	SNV	BOUNDARY	STANDARD_PLUS_SHIFTED_MATCHED	1	0	1	0.075	0	NA
TRUTH_ALLELE	block12_R2_d5000	2	5000	0.075	V4_A5	insertion	NON_BOUNDARY	STANDARD_ONLY_MATCHED	1	0	1	0.075	0	NA
TRUTH_ALLELE	block12_R2_d5000	2	5000	0.075	V4_A5	insertion	NON_BOUNDARY	STANDARD_PLUS_SHIFTED_MATCHED	1	0	1	0.075	0	NA
TRUTH_ALLELE	block12_R2_d5000	2	5000	0.075	V4_A6	insertion	BOUNDARY	STANDARD_ONLY_MATCHED	1	0	1	0.074	0.001	NA
TRUTH_ALLELE	block12_R2_d5000	2	5000	0.075	V4_A6	insertion	BOUNDARY	STANDARD_PLUS_SHIFTED_MATCHED	1	0	1	0.074	0.001	NA
TRUTH_ALLELE	block12_R2_d5000	2	5000	0.25	V5_A1	SNV	NON_BOUNDARY	STANDARD_ONLY_MATCHED	1	0	1	0.25	0	NA
TRUTH_ALLELE	block12_R2_d5000	2	5000	0.25	V5_A1	SNV	NON_BOUNDARY	STANDARD_PLUS_SHIFTED_MATCHED	1	0	1	0.25	0	NA
TRUTH_ALLELE	block12_R2_d5000	2	5000	0.25	V5_A2	SNV	BOUNDARY	STANDARD_ONLY_MATCHED	1	0	1	0.25	0	NA
TRUTH_ALLELE	block12_R2_d5000	2	5000	0.25	V5_A2	SNV	BOUNDARY	STANDARD_PLUS_SHIFTED_MATCHED	1	0	1	0.25	0	NA
TRUTH_ALLELE	block12_R2_d5000	2	5000	0.25	V5_A5	insertion	NON_BOUNDARY	STANDARD_ONLY_MATCHED	1	0	1	0.25	0	NA
TRUTH_ALLELE	block12_R2_d5000	2	5000	0.25	V5_A5	insertion	NON_BOUNDARY	STANDARD_PLUS_SHIFTED_MATCHED	1	0	1	0.25	0	NA
TRUTH_ALLELE	block12_R2_d5000	2	5000	0.25	V5_A6	insertion	BOUNDARY	STANDARD_ONLY_MATCHED	1	0	1	0.25	0	NA
TRUTH_ALLELE	block12_R2_d5000	2	5000	0.25	V5_A6	insertion	BOUNDARY	STANDARD_PLUS_SHIFTED_MATCHED	1	0	1	0.25	0	NA
TRUTH_ALLELE	block12_R3_d250	3	250	0.015	V2_A1	SNV	NON_BOUNDARY	STANDARD_ONLY_MATCHED	1	0	1	0.022	0.006	NA
TRUTH_ALLELE	block12_R3_d250	3	250	0.015	V2_A1	SNV	NON_BOUNDARY	STANDARD_PLUS_SHIFTED_MATCHED	1	0	1	0.022	0.006	NA
TRUTH_ALLELE	block12_R3_d250	3	250	0.015	V2_A2	SNV	BOUNDARY	STANDARD_ONLY_MATCHED	1	0	1	0.02	0.004	NA
TRUTH_ALLELE	block12_R3_d250	3	250	0.015	V2_A2	SNV	BOUNDARY	STANDARD_PLUS_SHIFTED_MATCHED	1	0	1	0.02	0.004	NA
TRUTH_ALLELE	block12_R3_d250	3	250	0.015	V2_A5	insertion	NON_BOUNDARY	STANDARD_ONLY_MATCHED	0	1	0	NA	NA	NA
TRUTH_ALLELE	block12_R3_d250	3	250	0.015	V2_A5	insertion	NON_BOUNDARY	STANDARD_PLUS_SHIFTED_MATCHED	0	1	0	NA	NA	NA
TRUTH_ALLELE	block12_R3_d250	3	250	0.015	V2_A6	insertion	BOUNDARY	STANDARD_ONLY_MATCHED	1	0	1	0.02	0.004	NA
TRUTH_ALLELE	block12_R3_d250	3	250	0.015	V2_A6	insertion	BOUNDARY	STANDARD_PLUS_SHIFTED_MATCHED	1	0	1	0.02	0.004	NA
TRUTH_ALLELE	block12_R3_d250	3	250	0.075	V4_A1	SNV	NON_BOUNDARY	STANDARD_ONLY_MATCHED	1	0	1	0.079	0.003	NA
TRUTH_ALLELE	block12_R3_d250	3	250	0.075	V4_A1	SNV	NON_BOUNDARY	STANDARD_PLUS_SHIFTED_MATCHED	1	0	1	0.079	0.003	NA
TRUTH_ALLELE	block12_R3_d250	3	250	0.075	V4_A2	SNV	BOUNDARY	STANDARD_ONLY_MATCHED	1	0	1	0.079	0.003	NA
TRUTH_ALLELE	block12_R3_d250	3	250	0.075	V4_A2	SNV	BOUNDARY	STANDARD_PLUS_SHIFTED_MATCHED	1	0	1	0.079	0.003	NA
TRUTH_ALLELE	block12_R3_d250	3	250	0.075	V4_A5	insertion	NON_BOUNDARY	STANDARD_ONLY_MATCHED	1	0	1	0.08	0.004	NA
TRUTH_ALLELE	block12_R3_d250	3	250	0.075	V4_A5	insertion	NON_BOUNDARY	STANDARD_PLUS_SHIFTED_MATCHED	1	0	1	0.08	0.004	NA
TRUTH_ALLELE	block12_R3_d250	3	250	0.075	V4_A6	insertion	BOUNDARY	STANDARD_ONLY_MATCHED	1	0	1	0.08	0.004	NA
TRUTH_ALLELE	block12_R3_d250	3	250	0.075	V4_A6	insertion	BOUNDARY	STANDARD_PLUS_SHIFTED_MATCHED	1	0	1	0.08	0.004	NA
TRUTH_ALLELE	block12_R3_d250	3	250	0.25	V5_A1	SNV	NON_BOUNDARY	STANDARD_ONLY_MATCHED	1	0	1	0.254	0.002	NA
TRUTH_ALLELE	block12_R3_d250	3	250	0.25	V5_A1	SNV	NON_BOUNDARY	STANDARD_PLUS_SHIFTED_MATCHED	1	0	1	0.254	0.002	NA
TRUTH_ALLELE	block12_R3_d250	3	250	0.25	V5_A2	SNV	BOUNDARY	STANDARD_ONLY_MATCHED	1	0	1	0.254	0.002	NA
TRUTH_ALLELE	block12_R3_d250	3	250	0.25	V5_A2	SNV	BOUNDARY	STANDARD_PLUS_SHIFTED_MATCHED	1	0	1	0.254	0.002	NA
TRUTH_ALLELE	block12_R3_d250	3	250	0.25	V5_A5	insertion	NON_BOUNDARY	STANDARD_ONLY_MATCHED	1	0	1	0.254	0.002	NA
TRUTH_ALLELE	block12_R3_d250	3	250	0.25	V5_A5	insertion	NON_BOUNDARY	STANDARD_PLUS_SHIFTED_MATCHED	1	0	1	0.254	0.002	NA
TRUTH_ALLELE	block12_R3_d250	3	250	0.25	V5_A6	insertion	BOUNDARY	STANDARD_ONLY_MATCHED	1	0	1	0.256	0.004	NA
TRUTH_ALLELE	block12_R3_d250	3	250	0.25	V5_A6	insertion	BOUNDARY	STANDARD_PLUS_SHIFTED_MATCHED	1	0	1	0.256	0.004	NA
TRUTH_ALLELE	block12_R3_d1000	3	1000	0.015	V2_A1	SNV	NON_BOUNDARY	STANDARD_ONLY_MATCHED	1	0	1	0.016	0.001	NA
TRUTH_ALLELE	block12_R3_d1000	3	1000	0.015	V2_A1	SNV	NON_BOUNDARY	STANDARD_PLUS_SHIFTED_MATCHED	1	0	1	0.016	0.001	NA
TRUTH_ALLELE	block12_R3_d1000	3	1000	0.015	V2_A2	SNV	BOUNDARY	STANDARD_ONLY_MATCHED	0	1	0	NA	NA	NA
TRUTH_ALLELE	block12_R3_d1000	3	1000	0.015	V2_A2	SNV	BOUNDARY	STANDARD_PLUS_SHIFTED_MATCHED	0	1	0	NA	NA	NA
TRUTH_ALLELE	block12_R3_d1000	3	1000	0.015	V2_A5	insertion	NON_BOUNDARY	STANDARD_ONLY_MATCHED	1	0	1	0.016	0.001	NA
TRUTH_ALLELE	block12_R3_d1000	3	1000	0.015	V2_A5	insertion	NON_BOUNDARY	STANDARD_PLUS_SHIFTED_MATCHED	1	0	1	0.016	0.001	NA
TRUTH_ALLELE	block12_R3_d1000	3	1000	0.015	V2_A6	insertion	BOUNDARY	STANDARD_ONLY_MATCHED	1	0	1	0.016	0.001	NA
TRUTH_ALLELE	block12_R3_d1000	3	1000	0.015	V2_A6	insertion	BOUNDARY	STANDARD_PLUS_SHIFTED_MATCHED	1	0	1	0.016	0.001	NA
TRUTH_ALLELE	block12_R3_d1000	3	1000	0.075	V4_A1	SNV	NON_BOUNDARY	STANDARD_ONLY_MATCHED	1	0	1	0.076	0.001	NA
TRUTH_ALLELE	block12_R3_d1000	3	1000	0.075	V4_A1	SNV	NON_BOUNDARY	STANDARD_PLUS_SHIFTED_MATCHED	1	0	1	0.076	0.001	NA
TRUTH_ALLELE	block12_R3_d1000	3	1000	0.075	V4_A2	SNV	BOUNDARY	STANDARD_ONLY_MATCHED	1	0	1	0.076	0.001	NA
TRUTH_ALLELE	block12_R3_d1000	3	1000	0.075	V4_A2	SNV	BOUNDARY	STANDARD_PLUS_SHIFTED_MATCHED	1	0	1	0.076	0.001	NA
TRUTH_ALLELE	block12_R3_d1000	3	1000	0.075	V4_A5	insertion	NON_BOUNDARY	STANDARD_ONLY_MATCHED	1	0	1	0.076	0.001	NA
TRUTH_ALLELE	block12_R3_d1000	3	1000	0.075	V4_A5	insertion	NON_BOUNDARY	STANDARD_PLUS_SHIFTED_MATCHED	1	0	1	0.076	0.001	NA
TRUTH_ALLELE	block12_R3_d1000	3	1000	0.075	V4_A6	insertion	BOUNDARY	STANDARD_ONLY_MATCHED	1	0	1	0.076	0.001	NA
TRUTH_ALLELE	block12_R3_d1000	3	1000	0.075	V4_A6	insertion	BOUNDARY	STANDARD_PLUS_SHIFTED_MATCHED	1	0	1	0.076	0.001	NA
TRUTH_ALLELE	block12_R3_d1000	3	1000	0.25	V5_A1	SNV	NON_BOUNDARY	STANDARD_ONLY_MATCHED	1	0	1	0.25	0	NA
TRUTH_ALLELE	block12_R3_d1000	3	1000	0.25	V5_A1	SNV	NON_BOUNDARY	STANDARD_PLUS_SHIFTED_MATCHED	1	0	1	0.25	0	NA
TRUTH_ALLELE	block12_R3_d1000	3	1000	0.25	V5_A2	SNV	BOUNDARY	STANDARD_ONLY_MATCHED	1	0	1	0.25	0	NA
TRUTH_ALLELE	block12_R3_d1000	3	1000	0.25	V5_A2	SNV	BOUNDARY	STANDARD_PLUS_SHIFTED_MATCHED	1	0	1	0.25	0	NA
TRUTH_ALLELE	block12_R3_d1000	3	1000	0.25	V5_A5	insertion	NON_BOUNDARY	STANDARD_ONLY_MATCHED	1	0	1	0.251	0.001	NA
TRUTH_ALLELE	block12_R3_d1000	3	1000	0.25	V5_A5	insertion	NON_BOUNDARY	STANDARD_PLUS_SHIFTED_MATCHED	1	0	1	0.251	0.001	NA
TRUTH_ALLELE	block12_R3_d1000	3	1000	0.25	V5_A6	insertion	BOUNDARY	STANDARD_ONLY_MATCHED	1	0	1	0.248	0.002	NA
TRUTH_ALLELE	block12_R3_d1000	3	1000	0.25	V5_A6	insertion	BOUNDARY	STANDARD_PLUS_SHIFTED_MATCHED	1	0	1	0.248	0.002	NA
TRUTH_ALLELE	block12_R3_d5000	3	5000	0.015	V2_A1	SNV	NON_BOUNDARY	STANDARD_ONLY_MATCHED	1	0	1	0.015	0	NA
TRUTH_ALLELE	block12_R3_d5000	3	5000	0.015	V2_A1	SNV	NON_BOUNDARY	STANDARD_PLUS_SHIFTED_MATCHED	1	0	1	0.015	0	NA
TRUTH_ALLELE	block12_R3_d5000	3	5000	0.015	V2_A2	SNV	BOUNDARY	STANDARD_ONLY_MATCHED	0	1	0	NA	NA	NA
TRUTH_ALLELE	block12_R3_d5000	3	5000	0.015	V2_A2	SNV	BOUNDARY	STANDARD_PLUS_SHIFTED_MATCHED	0	1	0	NA	NA	NA
TRUTH_ALLELE	block12_R3_d5000	3	5000	0.015	V2_A5	insertion	NON_BOUNDARY	STANDARD_ONLY_MATCHED	1	0	1	0.015	0	NA
TRUTH_ALLELE	block12_R3_d5000	3	5000	0.015	V2_A5	insertion	NON_BOUNDARY	STANDARD_PLUS_SHIFTED_MATCHED	1	0	1	0.015	0	NA
TRUTH_ALLELE	block12_R3_d5000	3	5000	0.015	V2_A6	insertion	BOUNDARY	STANDARD_ONLY_MATCHED	1	0	1	0.015	0	NA
TRUTH_ALLELE	block12_R3_d5000	3	5000	0.015	V2_A6	insertion	BOUNDARY	STANDARD_PLUS_SHIFTED_MATCHED	1	0	1	0.015	0	NA
TRUTH_ALLELE	block12_R3_d5000	3	5000	0.075	V4_A1	SNV	NON_BOUNDARY	STANDARD_ONLY_MATCHED	1	0	1	0.075	0	NA
TRUTH_ALLELE	block12_R3_d5000	3	5000	0.075	V4_A1	SNV	NON_BOUNDARY	STANDARD_PLUS_SHIFTED_MATCHED	1	0	1	0.075	0	NA
TRUTH_ALLELE	block12_R3_d5000	3	5000	0.075	V4_A2	SNV	BOUNDARY	STANDARD_ONLY_MATCHED	1	0	1	0.075	0	NA
TRUTH_ALLELE	block12_R3_d5000	3	5000	0.075	V4_A2	SNV	BOUNDARY	STANDARD_PLUS_SHIFTED_MATCHED	1	0	1	0.075	0	NA
TRUTH_ALLELE	block12_R3_d5000	3	5000	0.075	V4_A5	insertion	NON_BOUNDARY	STANDARD_ONLY_MATCHED	1	0	1	0.075	0	NA
TRUTH_ALLELE	block12_R3_d5000	3	5000	0.075	V4_A5	insertion	NON_BOUNDARY	STANDARD_PLUS_SHIFTED_MATCHED	1	0	1	0.075	0	NA
TRUTH_ALLELE	block12_R3_d5000	3	5000	0.075	V4_A6	insertion	BOUNDARY	STANDARD_ONLY_MATCHED	1	0	1	0.075	0	NA
TRUTH_ALLELE	block12_R3_d5000	3	5000	0.075	V4_A6	insertion	BOUNDARY	STANDARD_PLUS_SHIFTED_MATCHED	1	0	1	0.075	0	NA
TRUTH_ALLELE	block12_R3_d5000	3	5000	0.25	V5_A1	SNV	NON_BOUNDARY	STANDARD_ONLY_MATCHED	1	0	1	0.25	0	NA
TRUTH_ALLELE	block12_R3_d5000	3	5000	0.25	V5_A1	SNV	NON_BOUNDARY	STANDARD_PLUS_SHIFTED_MATCHED	1	0	1	0.25	0	NA
TRUTH_ALLELE	block12_R3_d5000	3	5000	0.25	V5_A2	SNV	BOUNDARY	STANDARD_ONLY_MATCHED	1	0	1	0.25	0	NA
TRUTH_ALLELE	block12_R3_d5000	3	5000	0.25	V5_A2	SNV	BOUNDARY	STANDARD_PLUS_SHIFTED_MATCHED	1	0	1	0.25	0	NA
TRUTH_ALLELE	block12_R3_d5000	3	5000	0.25	V5_A5	insertion	NON_BOUNDARY	STANDARD_ONLY_MATCHED	1	0	1	0.249	0.001	NA
TRUTH_ALLELE	block12_R3_d5000	3	5000	0.25	V5_A5	insertion	NON_BOUNDARY	STANDARD_PLUS_SHIFTED_MATCHED	1	0	1	0.249	0.001	NA
TRUTH_ALLELE	block12_R3_d5000	3	5000	0.25	V5_A6	insertion	BOUNDARY	STANDARD_ONLY_MATCHED	1	0	1	0.248	0.002	NA
TRUTH_ALLELE	block12_R3_d5000	3	5000	0.25	V5_A6	insertion	BOUNDARY	STANDARD_PLUS_SHIFTED_MATCHED	1	0	1	0.248	0.002	NA
POOLED	ALL_9	ALL	250,1000,5000	0.015,0.075,0.25	ALL	SNV	BOUNDARY	STANDARD_ONLY_MATCHED	21	6	0.7777777778	NA	0.001428571429	0
POOLED	ALL_9	ALL	250,1000,5000	0.015,0.075,0.25	ALL	SNV	BOUNDARY	STANDARD_PLUS_SHIFTED_MATCHED	21	6	0.7777777778	NA	0.001428571429	0
POOLED	ALL_9	ALL	250,1000,5000	0.015,0.075,0.25	ALL	insertion	BOUNDARY	STANDARD_ONLY_MATCHED	27	0	1	NA	0.001703703704	0
POOLED	ALL_9	ALL	250,1000,5000	0.015,0.075,0.25	ALL	insertion	BOUNDARY	STANDARD_PLUS_SHIFTED_MATCHED	27	0	1	NA	0.001703703704	0
POOLED	ALL_9	ALL	250,1000,5000	0.015,0.075,0.25	ALL	SNV	NON_BOUNDARY	STANDARD_ONLY_MATCHED	27	0	1	NA	0.001259259259	0
POOLED	ALL_9	ALL	250,1000,5000	0.015,0.075,0.25	ALL	SNV	NON_BOUNDARY	STANDARD_PLUS_SHIFTED_MATCHED	27	0	1	NA	0.001259259259	0
POOLED	ALL_9	ALL	250,1000,5000	0.015,0.075,0.25	ALL	insertion	NON_BOUNDARY	STANDARD_ONLY_MATCHED	25	2	0.9259259259	NA	0.00124	0
POOLED	ALL_9	ALL	250,1000,5000	0.015,0.075,0.25	ALL	insertion	NON_BOUNDARY	STANDARD_PLUS_SHIFTED_MATCHED	25	2	0.9259259259	NA	0.00124	0
