depth_x	technical_replicate	designed_challenges	generated_challenges	mapped_challenges	extracted_challenges	observable_challenges	observability_fraction	observability_definition
100	R1	12	12	12	8	8	0.666667	ENTRY_INTO_MITOCHONDRIAL_ANALYSIS_PATH
100	R2	12	12	12	8	8	0.666667	ENTRY_INTO_MITOCHONDRIAL_ANALYSIS_PATH
100	R3	12	12	12	8	8	0.666667	ENTRY_INTO_MITOCHONDRIAL_ANALYSIS_PATH
250	R1	12	12	12	11	11	0.916667	ENTRY_INTO_MITOCHONDRIAL_ANALYSIS_PATH
250	R2	12	12	12	11	11	0.916667	ENTRY_INTO_MITOCHONDRIAL_ANALYSIS_PATH
250	R3	12	12	12	11	11	0.916667	ENTRY_INTO_MITOCHONDRIAL_ANALYSIS_PATH
500	R1	12	12	12	11	11	0.916667	ENTRY_INTO_MITOCHONDRIAL_ANALYSIS_PATH
500	R2	12	12	12	11	11	0.916667	ENTRY_INTO_MITOCHONDRIAL_ANALYSIS_PATH
500	R3	12	12	12	11	11	0.916667	ENTRY_INTO_MITOCHONDRIAL_ANALYSIS_PATH
1000	R1	12	12	12	12	12	1.000000	ENTRY_INTO_MITOCHONDRIAL_ANALYSIS_PATH
1000	R2	12	12	12	12	12	1.000000	ENTRY_INTO_MITOCHONDRIAL_ANALYSIS_PATH
1000	R3	12	12	12	12	12	1.000000	ENTRY_INTO_MITOCHONDRIAL_ANALYSIS_PATH
2000	R1	12	12	12	12	12	1.000000	ENTRY_INTO_MITOCHONDRIAL_ANALYSIS_PATH
2000	R2	12	12	12	12	12	1.000000	ENTRY_INTO_MITOCHONDRIAL_ANALYSIS_PATH
2000	R3	12	12	12	12	12	1.000000	ENTRY_INTO_MITOCHONDRIAL_ANALYSIS_PATH
5000	R1	12	12	12	12	12	1.000000	ENTRY_INTO_MITOCHONDRIAL_ANALYSIS_PATH
5000	R2	12	12	12	12	12	1.000000	ENTRY_INTO_MITOCHONDRIAL_ANALYSIS_PATH
5000	R3	12	12	12	12	12	1.000000	ENTRY_INTO_MITOCHONDRIAL_ANALYSIS_PATH
