feature_id	feature_type	gene	start	end	strand	product	protein_id	transl_table
DLOOP_1	control_region	DLOOP	1	576	-	displacement_loop	NA	NA
F01	tRNA	TRNF	577	647	+	tRNA-Phe	NA	NA
F02	rRNA	RNR1	648	1601	+	s-rRNA	NA	NA
F03	tRNA	TRNV	1602	1670	+	tRNA-Val	NA	NA
F04	rRNA	RNR2	1671	3229	+	l-rRNA	NA	NA
F05	tRNA	TRNL1	3230	3304	+	tRNA-Leu	NA	NA
F06	CDS	ND1	3307	4262	+	NADH dehydrogenase subunit 1	YP_003024026.1	2
F07	tRNA	TRNI	4263	4331	+	tRNA-Ile	NA	NA
F08	tRNA	TRNQ	4329	4400	-	tRNA-Gln	NA	NA
F09	tRNA	TRNM	4402	4469	+	tRNA-Met	NA	NA
F10	CDS	ND2	4470	5511	+	NADH dehydrogenase subunit 2	YP_003024027.1	2
F11	tRNA	TRNW	5512	5579	+	tRNA-Trp	NA	NA
F12	tRNA	TRNA	5587	5655	-	tRNA-Ala	NA	NA
F13	tRNA	TRNN	5657	5729	-	tRNA-Asn	NA	NA
F14	tRNA	TRNC	5761	5826	-	tRNA-Cys	NA	NA
F15	tRNA	TRNY	5826	5891	-	tRNA-Tyr	NA	NA
F16	CDS	COX1	5904	7445	+	cytochrome c oxidase subunit I	YP_003024028.1	2
F17	tRNA	TRNS1	7446	7514	-	tRNA-Ser	NA	NA
F18	tRNA	TRND	7518	7585	+	tRNA-Asp	NA	NA
F19	CDS	COX2	7586	8269	+	cytochrome c oxidase subunit II	YP_003024029.1	2
F20	tRNA	TRNK	8295	8364	+	tRNA-Lys	NA	NA
F21	CDS	ATP8	8366	8572	+	ATP synthase F0 subunit 8	YP_003024030.1	2
F22	CDS	ATP6	8527	9207	+	ATP synthase F0 subunit 6	YP_003024031.1	2
F23	CDS	COX3	9207	9990	+	cytochrome c oxidase subunit III	YP_003024032.1	2
F24	tRNA	TRNG	9991	10058	+	tRNA-Gly	NA	NA
F25	CDS	ND3	10059	10404	+	NADH dehydrogenase subunit 3	YP_003024033.1	2
F26	tRNA	TRNR	10405	10469	+	tRNA-Arg	NA	NA
F27	CDS	ND4L	10470	10766	+	NADH dehydrogenase subunit 4L	YP_003024034.1	2
F28	CDS	ND4	10760	12137	+	NADH dehydrogenase subunit 4	YP_003024035.1	2
F29	tRNA	TRNH	12138	12206	+	tRNA-His	NA	NA
F30	tRNA	TRNS2	12207	12265	+	tRNA-Ser	NA	NA
F31	tRNA	TRNL2	12266	12336	+	tRNA-Leu	NA	NA
F32	CDS	ND5	12337	14148	+	NADH dehydrogenase subunit 5	YP_003024036.1	2
F33	CDS	ND6	14149	14673	-	NADH dehydrogenase subunit 6	YP_003024037.1	2
F34	tRNA	TRNE	14674	14742	-	tRNA-Glu	NA	NA
F35	CDS	CYTB	14747	15887	+	cytochrome b	YP_003024038.1	2
F36	tRNA	TRNT	15888	15953	+	tRNA-Thr	NA	NA
F37	tRNA	TRNP	15956	16023	-	tRNA-Pro	NA	NA
DLOOP_2	control_region	DLOOP	16024	16569	-	displacement_loop	NA	NA

